var,col,gait_med,gait_range,best_feature,best_score,margin,label
Var1,1,1.29,"[1.15,1.58]",mean_vgrf_bw,0.322,0.311,
Var2,2,4.055,"[0.00,7.84]",peak_vgrf_bw,0.164,0.164,
Var3,3,-1.55,"[-8.40,7.50]",hip_rot_l_mean_deg,0.542,0.11,
Var4,4,1.134,"[1.02,1.26]",mean_vgrf_bw,0.422,0.413,
Var5,5,1.134,"[0.17,1.25]",mean_vgrf_bw,0.393,0.386,
Var6,6,1.12,"[0.98,1.24]",mean_vgrf_bw,0.383,0.375,
Var7,7,1.119,"[0.12,1.24]",mean_vgrf_bw,0.422,0.372,
Var8,8,0.093,"[0.03,0.74]",walking_speed_mps,0.496,0.468,
Var9,9,0.073,"[0.04,0.84]",walking_speed_mps,0.37,0.336,
Var10,10,0.058,"[0.03,0.14]",walking_speed_mps,0.006,0.003,
Var11,11,0.055,"[0.03,0.16]",walking_speed_mps,0.016,0.011,
Var12,12,0.91,"[0.62,1.06]",stance_fraction,0.578,0.4,
Var13,13,0.83,"[0.04,1.11]",stance_fraction,0.259,0.088,
Var14,14,1.385,"[1.10,6.79]",peak_vgrf_bw,0.177,0.015,
Var15,15,1.322,"[0.21,6.47]",hip_rot_r_mean_deg,0.164,0.046,
Var16,16,1.002,"[0.94,1.07]",mean_vgrf_bw,0.095,0.008,
Var17,17,0.998,"[0.94,1.07]",stance_fraction,0.189,0.097,
Var18,18,7.486,"[2.75,60.41]",pelvis_list_rom_deg,0.433,0.075,
Var19,19,6.483,"[3.48,60.86]",duration_s,0.075,0.075,
Var20,20,106.945,"[97.21,120.70]",knee_r_rom_deg,0.056,0.034,
Var21,21,107.04,"[96.79,121.93]",knee_r_rom_deg,0.047,0.025,
Var22,22,106.67,"[11.83,121.21]",knee_r_rom_deg,0.079,0.049,
Var23,23,106.67,"[11.89,122.45]",knee_r_rom_deg,0.084,0.049,
Var24,24,8.53,"[3.32,15.98]",duration_s,0.498,0.406,
Var25,25,8.86,"[3.91,25.12]",duration_s,0.343,0.169,
Var26,26,5.835,"[2.80,10.65]",duration_s,0.365,0.365,
Var27,27,5.565,"[2.34,12.74]",duration_s,0.474,0.474,
Var28,28,86.645,"[17.69,109.09]",pelvis_rot_mean_deg,0.76,0.287,pelvis_rot_mean_deg
Var29,29,90.745,"[18.55,108.60]",pelvis_rot_mean_deg,0.758,0.284,
Var30,30,131.87,"[113.21,1206.00]",hip_add_r_peak_vel_dps,0.1,0.034,
Var31,31,141.595,"[13.21,282.35]",hip_add_r_peak_vel_dps,0.227,0.077,
Var32,32,1.0,"[0.98,1.01]",stance_fraction,0.056,0.019,
Var33,33,1.0,"[0.99,1.02]",stance_fraction,0.056,0.007,
Var34,34,7.975,"[2.86,1309.00]",duration_s,0.52,0.45,
Var35,35,8.095,"[3.41,20.60]",duration_s,0.374,0.242,
Var36,36,1.355,"[1.25,1.58]",mean_vgrf_bw,0.128,0.057,
Var37,37,1.424,"[1.29,1.63]",peak_vgrf_bw,0.074,0.025,
Var38,38,1.39,"[1.30,1.61]",peak_vgrf_bw,0.072,0.025,
Var39,39,1.432,"[1.34,1.64]",peak_vgrf_bw,0.075,0.067,
Var40,40,0.166,"[0.08,0.61]",walking_speed_mps,0.066,0.066,
Var41,41,0.132,"[0.06,0.24]",walking_speed_mps,0.088,0.088,
Var42,42,0.16,"[0.09,0.25]",walking_speed_mps,0.059,0.059,
Var43,43,0.104,"[0.06,0.24]",walking_speed_mps,0.072,0.072,
Var44,44,0.842,"[0.01,1.42]",mean_vgrf_bw,0.197,0.024,
Var45,45,0.748,"[0.06,1.30]",mean_vgrf_bw,0.213,0.094,
Var46,46,1.602,"[1.45,1.90]",height_m,0.303,0.175,
Var47,47,1.612,"[0.15,1.98]",mean_vgrf_bw,0.279,0.024,
Var48,48,0.96,"[0.69,1.01]",stance_fraction,0.399,0.266,
Var49,49,1.04,"[0.10,1.10]",mean_vgrf_bw,0.158,0.154,
Var50,50,12.098,"[5.06,20.20]",pelvis_tilt_rom_deg,0.253,0.058,
Var51,51,8.996,"[1.05,16.79]",duration_s,0.429,0.3,
Var52,52,1.228,"[1.11,1.50]",mean_vgrf_bw,0.453,0.443,
Var53,53,1.289,"[1.15,1.58]",mean_vgrf_bw,0.323,0.312,
Var54,54,1.247,"[0.14,1.53]",mean_vgrf_bw,0.392,0.38,
Var55,55,1.297,"[0.14,1.61]",mean_vgrf_bw,0.281,0.27,
Var56,56,0.18,"[0.09,0.30]",walking_speed_mps,0.071,0.071,
Var57,57,0.136,"[0.07,0.28]",walking_speed_mps,0.099,0.099,
Var58,58,0.19,"[0.10,0.28]",walking_speed_mps,0.0,0.0,
Var59,59,0.119,"[0.07,0.21]",walking_speed_mps,0.066,0.066,
Var60,60,0.559,"[0.02,1.23]",stance_fraction,0.115,0.078,
Var61,61,0.572,"[0.03,1.15]",stance_fraction,0.1,0.054,
Var62,62,1.527,"[1.36,1.85]",peak_vgrf_bw,0.111,0.075,
Var63,63,1.539,"[1.40,1.96]",peak_vgrf_bw,0.101,0.084,
Var64,64,0.95,"[0.62,1.01]",stance_fraction,0.33,0.22,
Var65,65,1.052,"[0.99,1.10]",mean_vgrf_bw,0.132,0.129,
Var66,66,14.668,"[6.27,24.80]",pelvis_tilt_rom_deg,0.453,0.129,
Var67,67,10.572,"[5.52,20.20]",pelvis_tilt_rom_deg,0.298,0.016,
Var68,68,16.65,"[13.30,20.90]",pelvis_tilt_rom_deg,0.136,0.048,
Var69,69,16.7,"[14.10,24.40]",pelvis_tilt_rom_deg,0.212,0.074,
Var70,70,5.05,"[2.00,13.40]",duration_s,0.502,0.461,
Var71,71,4.7,"[1.40,16.20]",peak_vgrf_bw,0.069,0.069,
Var72,72,26.1,"[19.50,35.80]",hip_rot_l_rom_deg,0.286,0.014,
Var73,73,26.25,"[19.50,34.40]",hip_rot_l_rom_deg,0.337,0.013,
Var74,74,28.05,"[12.10,38.10]",hip_add_r_rom_deg,0.517,0.046,
Var75,75,33.5,"[10.90,57.90]",hip_add_r_rom_deg,0.453,0.013,
Var76,76,-11.5,"[-157.20,-5.50]",ankle_l_mean_deg,0.076,0.002,
Var77,77,-10.1,"[-160.20,-5.00]",ankle_l_mean_deg,0.071,0.002,
Var78,78,79.55,"[58.40,154.20]",knee_r_rom_deg,0.553,0.03,
Var79,79,79.6,"[57.50,134.80]",knee_r_rom_deg,0.653,0.035,
Var80,80,1.0,"[0.70,1.10]",stance_fraction,0.499,0.128,
Var81,81,1.0,"[0.09,1.40]",stance_fraction,0.499,0.128,
Var82,82,58.065,"[23.52,62.91]",hip_flex_l_rom_deg,0.185,0.012,
Var83,83,58.055,"[54.40,63.20]",hip_flex_l_rom_deg,0.138,0.009,
Var84,84,57.955,"[52.97,62.83]",hip_flex_l_rom_deg,0.202,0.014,
Var85,85,57.88,"[26.07,63.44]",hip_flex_l_rom_deg,0.151,0.011,
Var86,86,2.61,"[1.12,5.96]",peak_vgrf_bw,0.325,0.291,
Var87,87,2.645,"[0.81,5.88]",peak_vgrf_bw,0.394,0.364,
Var88,88,2.5,"[1.09,3.73]",peak_vgrf_bw,0.642,0.58,
Var89,89,2.14,"[0.87,4.46]",peak_vgrf_bw,0.547,0.488,
Var90,90,53.06,"[47.90,59.72]",knee_r_mean_deg,0.21,0.04,
Var91,91,52.685,"[24.46,57.60]",knee_r_mean_deg,0.206,0.041,
Var92,92,67.17,"[57.79,94.98]",hip_flex_r_rom_deg,0.625,0.006,
Var93,93,65.59,"[54.57,99.63]",hip_flex_r_rom_deg,0.675,0.003,
Var94,94,1.01,"[0.95,1.06]",stance_fraction,0.22,0.052,
Var95,95,0.99,"[0.94,3.03]",stance_fraction,0.276,0.081,
Var96,96,4.355,"[1.95,10.11]",peak_vgrf_bw,0.016,0.016,
Var97,97,4.595,"[1.45,10.06]",peak_vgrf_bw,0.053,0.053,
Var98,98,41.935,"[37.09,46.48]",knee_l_mean_deg,0.236,0.04,
Var99,99,41.945,"[36.80,45.60]",knee_l_mean_deg,0.176,0.03,
Var100,100,42.045,"[37.17,47.03]",knee_l_mean_deg,0.257,0.044,
Var101,101,42.12,"[36.56,4384.00]",knee_l_mean_deg,0.193,0.033,
Var102,102,2.61,"[1.12,5.96]",peak_vgrf_bw,0.325,0.291,
Var103,103,2.645,"[0.81,5.88]",peak_vgrf_bw,0.394,0.364,
Var104,104,2.5,"[1.09,3.73]",peak_vgrf_bw,0.642,0.58,
Var105,105,2.14,"[0.87,4.46]",peak_vgrf_bw,0.547,0.488,
Var106,106,33.335,"[6.52,42.21]",hip_add_r_rom_deg,0.875,0.062,
Var107,107,34.41,"[0.37,3348.00]",hip_add_l_rom_deg,0.857,0.075,
Var108,108,46.94,"[40.28,52.10]",knee_l_mean_deg,0.251,0.043,
Var109,109,47.085,"[28.29,69.76]",knee_l_mean_deg,0.257,0.044,
Var110,110,0.98,"[0.92,1.08]",stance_fraction,0.383,0.147,
Var111,111,1.02,"[0.93,1.09]",stance_fraction,0.273,0.027,
Var112,112,6.15,"[2.49,14.55]",duration_s,0.457,0.457,
Var113,113,6.14,"[1.86,14.16]",duration_s,0.484,0.484,
Var114,114,17.83,"[10.26,2308.00]",pelvis_tilt_rom_deg,0.434,0.151,
Var115,115,17.885,"[7.87,22.11]",pelvis_tilt_rom_deg,0.484,0.169,
Var116,116,17.93,"[10.14,28.68]",pelvis_tilt_rom_deg,0.521,0.182,
Var117,117,18.14,"[7.69,23.42]",pelvis_tilt_rom_deg,0.544,0.19,
Var118,118,3.0,"[0.98,7.59]",peak_vgrf_bw,0.247,0.222,
Var119,119,3.4,"[1.02,5.23]",peak_vgrf_bw,0.295,0.268,
Var120,120,3.17,"[1.34,9.58]",peak_vgrf_bw,0.183,0.167,
Var121,121,3.315,"[0.84,23.32]",peak_vgrf_bw,0.151,0.136,
Var122,122,6.475,"[0.80,15.79]",duration_s,0.355,0.355,
Var123,123,6.92,"[0.84,15.94]",duration_s,0.408,0.354,
Var124,124,23.065,"[13.60,36.57]",pelvis_tilt_rom_deg,0.509,0.054,
Var125,125,24.03,"[12.00,37.17]",pelvis_tilt_rom_deg,0.499,0.083,
Var126,126,1.045,"[0.66,1.38]",mean_vgrf_bw,0.616,0.311,
Var127,127,0.955,"[0.72,1.51]",mean_vgrf_bw,0.613,0.335,
Var128,128,18.345,"[5.50,34.19]",pelvis_tilt_rom_deg,0.804,0.28,pelvis_tilt_rom_deg
Var129,129,20.95,"[9.02,27.50]",pelvis_tilt_rom_deg,0.679,0.273,
Var130,130,52.505,"[23.68,60.22]",knee_r_mean_deg,0.563,0.055,
Var131,131,54.505,"[39.62,460.07]",knee_r_mean_deg,0.434,0.031,
Var132,132,52.03,"[26.80,60.58]",knee_r_mean_deg,0.553,0.038,
Var133,133,53.42,"[26.35,61.36]",knee_r_mean_deg,0.531,0.065,
Var134,134,5.525,"[2.53,12.89]",duration_s,0.446,0.446,
Var135,135,6.1,"[2.78,10.87]",duration_s,0.563,0.563,duration_s
Var136,136,5.13,"[2.70,23.33]",duration_s,0.242,0.242,
Var137,137,5.055,"[2.72,14.32]",duration_s,0.426,0.426,
Var138,138,44.33,"[20.72,51.97]",knee_l_mean_deg,0.658,0.112,
Var139,139,46.265,"[25.45,55.00]",knee_l_mean_deg,0.738,0.126,
Var140,140,73.595,"[44.95,98.37]",knee_l_rom_deg,0.75,0.044,
Var141,141,73.875,"[61.19,98.97]",knee_l_rom_deg,0.771,0.047,
Var142,142,0.97,"[0.84,1.26]",stance_fraction,0.488,0.037,
Var143,143,1.035,"[0.80,1.20]",mean_vgrf_bw,0.506,0.082,
Var144,144,10.185,"[4.62,29.80]",pelvis_tilt_rom_deg,0.404,0.095,
Var145,145,11.025,"[4.92,28.55]",pelvis_tilt_rom_deg,0.418,0.1,
Var146,146,29.66,"[24.58,42.21]",hip_add_r_rom_deg,0.409,0.033,
Var147,147,29.41,"[20.46,40.41]",hip_add_r_rom_deg,0.486,0.083,
Var148,148,30.085,"[24.00,43.05]",hip_add_r_rom_deg,0.407,0.001,
Var149,149,29.66,"[20.75,42.17]",hip_add_r_rom_deg,0.477,0.08,
Var150,150,4.155,"[2.22,11.22]",peak_vgrf_bw,0.052,0.052,
Var151,151,4.175,"[1.77,9.45]",peak_vgrf_bw,0.095,0.095,
Var152,152,3.69,"[1.96,21.43]",peak_vgrf_bw,0.012,0.012,
Var153,153,3.38,"[1.71,11.98]",peak_vgrf_bw,0.089,0.089,
Var154,154,17.635,"[0.67,33.33]",pelvis_tilt_rom_deg,0.676,0.144,
Var155,155,14.95,"[0.00,25.74]",pelvis_tilt_rom_deg,0.525,0.151,
Var156,156,37.395,"[4.61,61.26]",knee_l_mean_deg,0.552,0.081,
Var157,157,34.72,"[1.69,56.14]",knee_l_mean_deg,0.598,0.074,
Var158,158,1.035,"[0.88,51.40]",mean_vgrf_bw,0.627,0.46,
Var159,159,0.97,"[0.77,50.94]",stance_fraction,0.7,0.393,stance_fraction
Var160,160,13.09,"[1.07,30.65]",pelvis_tilt_rom_deg,0.627,0.097,
Var161,161,14.075,"[0.93,27.41]",pelvis_tilt_rom_deg,0.506,0.113,
Var162,162,16.365,"[9.37,48.48]",pelvis_tilt_rom_deg,0.552,0.193,
Var163,163,15.925,"[9.37,25.84]",pelvis_tilt_rom_deg,0.459,0.149,
Var164,164,15.245,"[8.74,25.96]",pelvis_tilt_rom_deg,0.486,0.128,
Var165,165,15.245,"[8.74,25.96]",pelvis_tilt_rom_deg,0.486,0.128,
Var166,166,3.335,"[1.87,12.31]",peak_vgrf_bw,0.084,0.084,
Var167,167,3.335,"[1.87,12.31]",peak_vgrf_bw,0.084,0.084,
Var168,168,3.505,"[1.32,6.13]",peak_vgrf_bw,0.199,0.199,
Var169,169,3.505,"[1.32,6.13]",peak_vgrf_bw,0.199,0.199,
Var170,170,8.92,"[4.91,17.51]",duration_s,0.379,0.252,
Var171,171,8.92,"[4.91,17.51]",duration_s,0.379,0.252,
Var172,172,27.428,"[12.94,86.24]",hip_rot_r_rom_deg,0.396,0.035,
Var173,173,27.845,"[12.94,2355.00]",hip_rot_r_rom_deg,0.388,0.024,
Var174,174,19.4,"[11.77,69.37]",hip_flex_r_mean_deg,0.56,0.014,
Var175,175,19.4,"[11.77,69.37]",hip_flex_r_mean_deg,0.56,0.014,
Var176,176,386.4,"[318.00,458.10]",hip_flex_l_peak_vel_dps,0.216,0.058,
Var177,177,383.95,"[305.40,476.60]",hip_flex_l_peak_vel_dps,0.261,0.07,
Var178,178,394.4,"[325.60,462.40]",hip_flex_l_peak_vel_dps,0.215,0.054,
Var179,179,388.6,"[313.80,483.00]",hip_flex_l_peak_vel_dps,0.269,0.072,
Var180,180,33.15,"[11.60,54.50]",hip_add_l_rom_deg,0.796,0.118,
Var181,181,36.55,"[18.20,62.50]",knee_l_mean_deg,0.698,0.047,
Var182,182,27.25,"[12.50,54.00]",hip_rot_l_rom_deg,0.748,0.046,
Var183,183,29.0,"[11.10,69.50]",hip_add_l_rom_deg,0.569,0.002,
Var184,184,250.1,"[96.40,390.40]",hip_add_r_peak_vel_dps,0.835,0.449,hip_add_r_peak_vel_dps
Var185,185,209.6,"[96.60,340.80]",hip_add_r_peak_vel_dps,0.774,0.425,
Var186,186,434.35,"[50.60,43438.00]",hip_flex_l_peak_vel_dps,0.243,0.022,
Var187,187,441.2,"[365.00,584.20]",hip_flex_l_peak_vel_dps,0.22,0.014,
Var188,188,9.0,"[3.00,14.00]",duration_s,0.549,0.471,
Var189,189,9.4,"[5.30,15.10]",duration_s,0.507,0.417,
Var190,190,3.788,"[3.25,4.61]",walking_speed_mps,0.0,0.0,
Var191,191,3.866,"[0.74,4.81]",walking_speed_mps,0.0,0.0,
Var192,192,3.87,"[0.81,4.67]",walking_speed_mps,0.0,0.0,
Var193,193,3.934,"[0.75,8.81]",walking_speed_mps,0.0,0.0,
Var194,194,0.376,"[0.18,0.67]",walking_speed_mps,0.0,0.0,
Var195,195,0.254,"[0.14,0.58]",walking_speed_mps,0.0,0.0,
Var196,196,0.401,"[0.24,0.56]",hip_add_l_mean_deg,0.007,0.007,
Var197,197,0.28,"[0.03,0.50]",walking_speed_mps,0.0,0.0,
Var198,198,2.547,"[0.05,3.84]",peak_vgrf_bw,0.66,0.592,peak_vgrf_bw
Var199,199,3.04,"[0.16,4.25]",peak_vgrf_bw,0.485,0.453,
Var200,200,4.376,"[3.71,5.24]",walking_speed_mps,0.0,0.0,
Var201,201,4.402,"[3.52,5.55]",walking_speed_mps,0.0,0.0,
Var202,202,0.972,"[0.92,3.97]",stance_fraction,0.394,0.213,
Var203,203,1.03,"[0.95,1.09]",mean_vgrf_bw,0.182,0.09,
Var204,204,29.38,"[21.26,36.18]",hip_add_r_rom_deg,0.403,0.068,
Var205,205,31.505,"[24.26,35.74]",hip_add_r_rom_deg,0.336,0.068,
Var206,206,30.635,"[21.87,36.19]",hip_add_r_rom_deg,0.425,0.086,
Var207,207,32.405,"[24.70,37.29]",hip_add_r_rom_deg,0.374,0.075,
Var208,208,3.485,"[2.01,6.77]",peak_vgrf_bw,0.15,0.15,
Var209,209,3.77,"[1.72,6.91]",peak_vgrf_bw,0.159,0.159,
Var210,210,3.44,"[1.70,6.30]",peak_vgrf_bw,0.209,0.205,
Var211,211,2.715,"[1.66,5.42]",peak_vgrf_bw,0.329,0.3,
Var212,212,15.72,"[0.00,27.86]",pelvis_tilt_rom_deg,0.581,0.146,
Var213,213,11.865,"[0.00,26.41]",pelvis_tilt_rom_deg,0.434,0.042,
Var214,214,34.95,"[25.41,41.52]",hip_add_r_rom_deg,0.381,0.057,
Var215,215,36.64,"[28.65,42.04]",hip_add_r_rom_deg,0.273,0.01,
Var216,216,0.94,"[0.79,1.14]",stance_fraction,0.587,0.232,
Var217,217,1.06,"[0.88,1.26]",mean_vgrf_bw,0.522,0.229,
Var218,218,12.83,"[5.55,26.46]",pelvis_tilt_rom_deg,0.42,0.108,
Var219,219,12.535,"[5.30,27.26]",pelvis_tilt_rom_deg,0.355,0.098,
Var220,220,-64.63,"[-83.62,-48.98]",walking_speed_mps,0.0,0.0,
Var221,221,-63.48,"[-80.47,-51.90]",walking_speed_mps,0.0,0.0,
Var222,222,-65.275,"[-84.29,-49.91]",walking_speed_mps,0.0,0.0,
Var223,223,-64.595,"[-83.57,-53.94]",walking_speed_mps,0.0,0.0,
Var224,224,5.71,"[1.56,12.19]",duration_s,0.561,0.561,
Var225,225,6.25,"[2.06,12.27]",duration_s,0.503,0.503,
Var226,226,2.965,"[1.56,5.91]",peak_vgrf_bw,0.277,0.25,
Var227,227,3.22,"[1.44,8.85]",peak_vgrf_bw,0.208,0.203,
Var228,228,-70.35,"[-89.90,-53.87]",walking_speed_mps,0.0,0.0,
Var229,229,-68.57,"[-89.44,-4.99]",walking_speed_mps,0.0,0.0,
Var230,230,-29.59,"[-63.97,-4.38]",walking_speed_mps,0.0,0.0,
Var231,231,-22.16,"[-64.84,-0.05]",walking_speed_mps,0.0,0.0,
Var232,232,1.01,"[-95.00,1.11]",stance_fraction,0.477,0.165,
Var233,233,0.99,"[0.90,1.11]",stance_fraction,0.442,0.136,
Var234,234,-9.885,"[-327.00,-2.89]",pelvis_list_mean_deg,0.47,0.016,
Var235,235,-10.365,"[-21.55,-1.69]",pelvis_list_mean_deg,0.439,0.013,
Var236,236,-0.006,"[-0.05,0.04]",walking_speed_mps,0.0,0.0,
Var237,237,-0.078,"[-0.66,-0.06]",walking_speed_mps,0.0,0.0,
Var238,238,0.028,"[-0.02,0.07]",speed_norm,0.103,0.1,
Var239,239,-0.048,"[-0.07,-0.03]",walking_speed_mps,0.0,0.0,
Var240,240,0.074,"[0.04,0.11]",walking_speed_mps,0.014,0.011,
Var241,241,0.08,"[0.01,0.13]",walking_speed_mps,0.02,0.018,
Var242,242,0.09,"[0.03,0.15]",walking_speed_mps,0.03,0.027,
Var243,243,0.074,"[0.04,0.18]",walking_speed_mps,0.021,0.018,
Var244,244,-0.202,"[-0.34,-0.10]",walking_speed_mps,0.0,0.0,
Var245,245,-0.322,"[-327.00,0.43]",walking_speed_mps,0.0,0.0,
Var246,246,0.092,"[0.05,0.23]",walking_speed_mps,0.052,0.048,
Var247,247,0.034,"[-0.02,0.23]",speed_norm,0.247,0.238,
Var248,248,0.061,"[-0.53,0.45]",walking_speed_mps,0.125,0.08,
Var249,249,4.599,"[-26.43,72.17]",peak_vgrf_bw,0.028,0.028,
Var250,250,108.65,"[104.67,117.36]",pelvis_list_peak_vel_dps,0.008,0.001,
Var251,251,107.26,"[104.81,110.74]",pelvis_list_peak_vel_dps,0.006,0.001,
Var252,252,107.265,"[103.89,110.14]",pelvis_list_peak_vel_dps,0.007,0.001,
Var253,253,105.77,"[103.97,108.95]",pelvis_list_peak_vel_dps,0.006,0.001,
Var254,254,3.29,"[0.95,67.84]",peak_vgrf_bw,0.117,0.107,
Var255,255,3.91,"[1.34,7.81]",peak_vgrf_bw,0.155,0.155,
Var256,256,1.9,"[1.05,7.19]",peak_vgrf_bw,0.369,0.29,
Var257,257,2.295,"[1.23,4.60]",peak_vgrf_bw,0.494,0.435,
Var258,258,104.48,"[102.20,107.78]",knee_r_rom_deg,0.012,0.006,
Var259,259,104.05,"[101.79,106.69]",knee_r_rom_deg,0.019,0.014,
Var260,260,119.675,"[108.26,628.72]",hip_add_r_peak_vel_dps,0.144,0.039,
Var261,261,124.03,"[108.49,144.41]",hip_add_r_peak_vel_dps,0.061,0.018,
Var262,262,1.0,"[0.97,1.08]",mean_vgrf_bw,0.086,0.031,
Var263,263,1.0,"[0.92,1.03]",stance_fraction,0.203,0.117,
Var264,264,3.08,"[0.91,57.81]",peak_vgrf_bw,0.146,0.133,
Var265,265,3.625,"[1.27,7.05]",peak_vgrf_bw,0.197,0.197,
Var266,266,0.293,"[0.23,0.43]",walking_speed_mps,0.0,0.0,
Var267,267,0.292,"[0.22,0.43]",walking_speed_mps,0.0,0.0,
Var268,268,0.301,"[0.22,2.97]",walking_speed_mps,0.0,0.0,
Var269,269,0.3,"[0.03,3.02]",walking_speed_mps,0.0,0.0,
Var270,270,0.029,"[0.01,0.06]",speed_norm,0.081,0.079,
Var271,271,0.038,"[0.01,0.29]",speed_norm,0.079,0.076,
Var272,272,0.023,"[0.01,0.08]",speed_norm,0.059,0.059,
Var273,273,0.025,"[0.01,0.05]",speed_norm,0.071,0.07,
Var274,274,0.14,"[0.01,0.35]",walking_speed_mps,0.121,0.121,
Var275,275,0.073,"[0.00,0.35]",walking_speed_mps,0.107,0.095,
Var276,276,0.345,"[0.27,0.49]",walking_speed_mps,0.0,0.0,
Var277,277,0.341,"[0.25,0.47]",walking_speed_mps,0.0,0.0,
Var278,278,0.991,"[0.10,1.40]",mean_vgrf_bw,0.518,0.05,
Var279,279,1.01,"[0.71,1.20]",mean_vgrf_bw,0.514,0.05,
Var280,280,0.102,"[0.07,0.22]",walking_speed_mps,0.086,0.086,
Var281,281,0.1,"[0.06,0.21]",walking_speed_mps,0.088,0.088,
Var282,282,0.101,"[0.07,1.58]",walking_speed_mps,0.1,0.1,
Var283,283,0.103,"[0.07,0.21]",walking_speed_mps,0.087,0.087,
Var284,284,0.013,"[0.01,0.04]",speed_norm,0.008,0.008,
Var285,285,0.016,"[0.01,0.04]",speed_norm,0.013,0.013,
Var286,286,0.015,"[0.01,0.05]",speed_norm,0.016,0.016,
Var287,287,0.019,"[0.01,0.04]",speed_norm,0.031,0.031,
Var288,288,0.072,"[0.03,0.16]",walking_speed_mps,0.04,0.034,
Var289,289,0.063,"[-0.03,3.03]",walking_speed_mps,0.042,0.034,
Var290,290,0.134,"[0.02,0.27]",walking_speed_mps,0.086,0.086,
Var291,291,0.134,"[0.02,0.24]",walking_speed_mps,0.074,0.074,
Var292,292,0.997,"[0.65,1.67]",mean_vgrf_bw,0.661,0.34,
Var293,293,1.003,"[0.60,1.54]",mean_vgrf_bw,0.657,0.334,
Var294,294,0.045,"[0.02,0.08]",hip_add_r_mean_deg,0.003,0.003,
Var295,295,0.047,"[0.01,0.08]",hip_add_r_mean_deg,0.003,0.003,
Var296,296,0.046,"[0.02,0.08]",hip_add_r_mean_deg,0.003,0.003,
Var297,297,0.046,"[0.01,0.08]",hip_add_r_mean_deg,0.003,0.003,
Var298,298,0.009,"[0.01,0.02]",walking_speed_mps,0.0,0.0,
Var299,299,0.009,"[0.00,0.01]",walking_speed_mps,0.0,0.0,
Var300,300,0.01,"[0.01,0.02]",walking_speed_mps,0.0,0.0,
Var301,301,0.012,"[0.00,0.02]",walking_speed_mps,0.0,0.0,
Var302,302,0.024,"[0.00,0.06]",speed_norm,0.087,0.085,
Var303,303,0.026,"[0.00,0.06]",speed_norm,0.097,0.095,
Var304,304,0.071,"[0.04,0.11]",walking_speed_mps,0.014,0.011,
Var305,305,0.072,"[0.01,0.11]",walking_speed_mps,0.014,0.011,
Var306,306,0.958,"[0.08,1.71]",mean_vgrf_bw,0.505,0.231,
Var307,307,1.051,"[0.08,1.56]",mean_vgrf_bw,0.543,0.321,
Var308,308,0.16,"[0.11,0.20]",walking_speed_mps,0.034,0.034,
Var309,309,0.177,"[0.09,0.21]",walking_speed_mps,0.026,0.026,
Var310,310,0.166,"[0.10,0.20]",walking_speed_mps,0.032,0.032,
Var311,311,0.177,"[0.09,0.21]",walking_speed_mps,0.027,0.027,
Var312,312,0.024,"[0.01,0.05]",speed_norm,0.056,0.055,
Var313,313,0.02,"[0.01,0.23]",speed_norm,0.034,0.034,
Var314,314,0.028,"[0.02,0.46]",speed_norm,0.371,0.364,
Var315,315,0.024,"[0.01,0.04]",speed_norm,0.064,0.064,
Var316,316,0.088,"[-0.01,0.17]",walking_speed_mps,0.049,0.045,
Var317,317,0.116,"[-0.03,0.18]",walking_speed_mps,0.057,0.057,
Var318,318,0.21,"[0.17,0.27]",walking_speed_mps,0.0,0.0,
Var319,319,0.222,"[0.12,0.26]",walking_speed_mps,0.0,0.0,
Var320,320,0.935,"[0.66,1.32]",stance_fraction,0.521,0.179,
Var321,321,1.07,"[0.76,1.52]",mean_vgrf_bw,0.771,0.581,mean_vgrf_bw
