column_index,column_name,candidate_label,unit,confidence,method,status,uci_category,renamed_column
1,Var1,,,0.322,,UNLABELLED,,
2,Var2,,,0.164,,UNLABELLED,,
3,Var3,,,0.542,,UNLABELLED,,
4,Var4,,,0.422,,UNLABELLED,,
5,Var5,,,0.393,,UNLABELLED,,
6,Var6,,,0.383,,UNLABELLED,,
7,Var7,,,0.422,,UNLABELLED,,
8,Var8,,,0.496,,UNLABELLED,,
9,Var9,,,0.37,,UNLABELLED,,
10,Var10,,,0.006,,UNLABELLED,,
11,Var11,,,0.016,,UNLABELLED,,
12,Var12,,,0.578,,UNLABELLED,,
13,Var13,,,0.259,,UNLABELLED,,
14,Var14,,,0.177,,UNLABELLED,,
15,Var15,,,0.164,,UNLABELLED,,
16,Var16,,,0.095,,UNLABELLED,,
17,Var17,,,0.189,,UNLABELLED,,
18,Var18,,,0.433,,UNLABELLED,,
19,Var19,,,0.075,,UNLABELLED,,
20,Var20,,,0.056,,UNLABELLED,,
21,Var21,,,0.047,,UNLABELLED,,
22,Var22,,,0.079,,UNLABELLED,,
23,Var23,,,0.084,,UNLABELLED,,
24,Var24,,,0.498,,UNLABELLED,,
25,Var25,,,0.343,,UNLABELLED,,
26,Var26,,,0.365,,UNLABELLED,,
27,Var27,,,0.474,,UNLABELLED,,
28,Var28,pelvis_rot_mean_deg,deg,0.76,distributional_scale_match_vs_addbiomechanics_train_sample,HYPOTHESIS_low_confidence,Rotation Angle (Spatial),Spatial_RotationAngle
29,Var29,,,0.758,,UNLABELLED,,
30,Var30,,,0.1,,UNLABELLED,,
31,Var31,,,0.227,,UNLABELLED,,
32,Var32,,,0.056,,UNLABELLED,,
33,Var33,,,0.056,,UNLABELLED,,
34,Var34,,,0.52,,UNLABELLED,,
35,Var35,,,0.374,,UNLABELLED,,
36,Var36,,,0.128,,UNLABELLED,,
37,Var37,,,0.074,,UNLABELLED,,
38,Var38,,,0.072,,UNLABELLED,,
39,Var39,,,0.075,,UNLABELLED,,
40,Var40,,,0.066,,UNLABELLED,,
41,Var41,,,0.088,,UNLABELLED,,
42,Var42,,,0.059,,UNLABELLED,,
43,Var43,,,0.072,,UNLABELLED,,
44,Var44,,,0.197,,UNLABELLED,,
45,Var45,,,0.213,,UNLABELLED,,
46,Var46,,,0.303,,UNLABELLED,,
47,Var47,,,0.279,,UNLABELLED,,
48,Var48,,,0.399,,UNLABELLED,,
49,Var49,,,0.158,,UNLABELLED,,
50,Var50,,,0.253,,UNLABELLED,,
51,Var51,,,0.429,,UNLABELLED,,
52,Var52,,,0.453,,UNLABELLED,,
53,Var53,,,0.323,,UNLABELLED,,
54,Var54,,,0.392,,UNLABELLED,,
55,Var55,,,0.281,,UNLABELLED,,
56,Var56,,,0.071,,UNLABELLED,,
57,Var57,,,0.099,,UNLABELLED,,
58,Var58,,,0.0,,UNLABELLED,,
59,Var59,,,0.066,,UNLABELLED,,
60,Var60,,,0.115,,UNLABELLED,,
61,Var61,,,0.1,,UNLABELLED,,
62,Var62,,,0.111,,UNLABELLED,,
63,Var63,,,0.101,,UNLABELLED,,
64,Var64,,,0.33,,UNLABELLED,,
65,Var65,,,0.132,,UNLABELLED,,
66,Var66,,,0.453,,UNLABELLED,,
67,Var67,,,0.298,,UNLABELLED,,
68,Var68,,,0.136,,UNLABELLED,,
69,Var69,,,0.212,,UNLABELLED,,
70,Var70,,,0.502,,UNLABELLED,,
71,Var71,,,0.069,,UNLABELLED,,
72,Var72,,,0.286,,UNLABELLED,,
73,Var73,,,0.337,,UNLABELLED,,
74,Var74,,,0.517,,UNLABELLED,,
75,Var75,,,0.453,,UNLABELLED,,
76,Var76,,,0.076,,UNLABELLED,,
77,Var77,,,0.071,,UNLABELLED,,
78,Var78,,,0.553,,UNLABELLED,,
79,Var79,,,0.653,,UNLABELLED,,
80,Var80,,,0.499,,UNLABELLED,,
81,Var81,,,0.499,,UNLABELLED,,
82,Var82,,,0.185,,UNLABELLED,,
83,Var83,,,0.138,,UNLABELLED,,
84,Var84,,,0.202,,UNLABELLED,,
85,Var85,,,0.151,,UNLABELLED,,
86,Var86,,,0.325,,UNLABELLED,,
87,Var87,,,0.394,,UNLABELLED,,
88,Var88,,,0.642,,UNLABELLED,,
89,Var89,,,0.547,,UNLABELLED,,
90,Var90,,,0.21,,UNLABELLED,,
91,Var91,,,0.206,,UNLABELLED,,
92,Var92,,,0.625,,UNLABELLED,,
93,Var93,,,0.675,,UNLABELLED,,
94,Var94,,,0.22,,UNLABELLED,,
95,Var95,,,0.276,,UNLABELLED,,
96,Var96,,,0.016,,UNLABELLED,,
97,Var97,,,0.053,,UNLABELLED,,
98,Var98,,,0.236,,UNLABELLED,,
99,Var99,,,0.176,,UNLABELLED,,
100,Var100,,,0.257,,UNLABELLED,,
101,Var101,,,0.193,,UNLABELLED,,
102,Var102,,,0.325,,UNLABELLED,,
103,Var103,,,0.394,,UNLABELLED,,
104,Var104,,,0.642,,UNLABELLED,,
105,Var105,,,0.547,,UNLABELLED,,
106,Var106,,,0.875,,UNLABELLED,,
107,Var107,,,0.857,,UNLABELLED,,
108,Var108,,,0.251,,UNLABELLED,,
109,Var109,,,0.257,,UNLABELLED,,
110,Var110,,,0.383,,UNLABELLED,,
111,Var111,,,0.273,,UNLABELLED,,
112,Var112,,,0.457,,UNLABELLED,,
113,Var113,,,0.484,,UNLABELLED,,
114,Var114,,,0.434,,UNLABELLED,,
115,Var115,,,0.484,,UNLABELLED,,
116,Var116,,,0.521,,UNLABELLED,,
117,Var117,,,0.544,,UNLABELLED,,
118,Var118,,,0.247,,UNLABELLED,,
119,Var119,,,0.295,,UNLABELLED,,
120,Var120,,,0.183,,UNLABELLED,,
121,Var121,,,0.151,,UNLABELLED,,
122,Var122,,,0.355,,UNLABELLED,,
123,Var123,,,0.408,,UNLABELLED,,
124,Var124,,,0.509,,UNLABELLED,,
125,Var125,,,0.499,,UNLABELLED,,
126,Var126,,,0.616,,UNLABELLED,,
127,Var127,,,0.613,,UNLABELLED,,
128,Var128,pelvis_tilt_rom_deg,deg,0.804,distributional_scale_match_vs_addbiomechanics_train_sample,HYPOTHESIS_low_confidence,Posture (Temporal),Temporal_Posture
129,Var129,,,0.679,,UNLABELLED,,
130,Var130,,,0.563,,UNLABELLED,,
131,Var131,,,0.434,,UNLABELLED,,
132,Var132,,,0.553,,UNLABELLED,,
133,Var133,,,0.531,,UNLABELLED,,
134,Var134,,,0.446,,UNLABELLED,,
135,Var135,duration_s,s,0.563,distributional_scale_match_vs_addbiomechanics_train_sample,HYPOTHESIS_low_confidence,Cycle Time (Temporal),Temporal_CycleTime
136,Var136,,,0.242,,UNLABELLED,,
137,Var137,,,0.426,,UNLABELLED,,
138,Var138,,,0.658,,UNLABELLED,,
139,Var139,,,0.738,,UNLABELLED,,
140,Var140,,,0.75,,UNLABELLED,,
141,Var141,,,0.771,,UNLABELLED,,
142,Var142,,,0.488,,UNLABELLED,,
143,Var143,,,0.506,,UNLABELLED,,
144,Var144,,,0.404,,UNLABELLED,,
145,Var145,,,0.418,,UNLABELLED,,
146,Var146,,,0.409,,UNLABELLED,,
147,Var147,,,0.486,,UNLABELLED,,
148,Var148,,,0.407,,UNLABELLED,,
149,Var149,,,0.477,,UNLABELLED,,
150,Var150,,,0.052,,UNLABELLED,,
151,Var151,,,0.095,,UNLABELLED,,
152,Var152,,,0.012,,UNLABELLED,,
153,Var153,,,0.089,,UNLABELLED,,
154,Var154,,,0.676,,UNLABELLED,,
155,Var155,,,0.525,,UNLABELLED,,
156,Var156,,,0.552,,UNLABELLED,,
157,Var157,,,0.598,,UNLABELLED,,
158,Var158,,,0.627,,UNLABELLED,,
159,Var159,stance_fraction,fraction_0_1,0.7,distributional_scale_match_vs_addbiomechanics_train_sample,HYPOTHESIS_low_confidence,Double Support (Temporal),Temporal_DoubleSupport
160,Var160,,,0.627,,UNLABELLED,,
161,Var161,,,0.506,,UNLABELLED,,
162,Var162,,,0.552,,UNLABELLED,,
163,Var163,,,0.459,,UNLABELLED,,
164,Var164,,,0.486,,UNLABELLED,,
165,Var165,,,0.486,,UNLABELLED,,
166,Var166,,,0.084,,UNLABELLED,,
167,Var167,,,0.084,,UNLABELLED,,
168,Var168,,,0.199,,UNLABELLED,,
169,Var169,,,0.199,,UNLABELLED,,
170,Var170,,,0.379,,UNLABELLED,,
171,Var171,,,0.379,,UNLABELLED,,
172,Var172,,,0.396,,UNLABELLED,,
173,Var173,,,0.388,,UNLABELLED,,
174,Var174,,,0.56,,UNLABELLED,,
175,Var175,,,0.56,,UNLABELLED,,
176,Var176,,,0.216,,UNLABELLED,,
177,Var177,,,0.261,,UNLABELLED,,
178,Var178,,,0.215,,UNLABELLED,,
179,Var179,,,0.269,,UNLABELLED,,
180,Var180,,,0.796,,UNLABELLED,,
181,Var181,,,0.698,,UNLABELLED,,
182,Var182,,,0.748,,UNLABELLED,,
183,Var183,,,0.569,,UNLABELLED,,
184,Var184,hip_add_r_peak_vel_dps,deg/s,0.835,distributional_scale_match_vs_addbiomechanics_train_sample,HYPOTHESIS_low_confidence,Peak Angle Speed (Spatial),Spatial_PeakAngleSpeed
185,Var185,,,0.774,,UNLABELLED,,
186,Var186,,,0.243,,UNLABELLED,,
187,Var187,,,0.22,,UNLABELLED,,
188,Var188,,,0.549,,UNLABELLED,,
189,Var189,,,0.507,,UNLABELLED,,
190,Var190,,,0.0,,UNLABELLED,,
191,Var191,,,0.0,,UNLABELLED,,
192,Var192,,,0.0,,UNLABELLED,,
193,Var193,,,0.0,,UNLABELLED,,
194,Var194,,,0.0,,UNLABELLED,,
195,Var195,,,0.0,,UNLABELLED,,
196,Var196,,,0.007,,UNLABELLED,,
197,Var197,,,0.0,,UNLABELLED,,
198,Var198,peak_vgrf_bw,xBW,0.66,distributional_scale_match_vs_addbiomechanics_train_sample,HYPOTHESIS_low_confidence,Loading (Temporal),Temporal_Loading
199,Var199,,,0.485,,UNLABELLED,,
200,Var200,,,0.0,,UNLABELLED,,
201,Var201,,,0.0,,UNLABELLED,,
202,Var202,,,0.394,,UNLABELLED,,
203,Var203,,,0.182,,UNLABELLED,,
204,Var204,,,0.403,,UNLABELLED,,
205,Var205,,,0.336,,UNLABELLED,,
206,Var206,,,0.425,,UNLABELLED,,
207,Var207,,,0.374,,UNLABELLED,,
208,Var208,,,0.15,,UNLABELLED,,
209,Var209,,,0.159,,UNLABELLED,,
210,Var210,,,0.209,,UNLABELLED,,
211,Var211,,,0.329,,UNLABELLED,,
212,Var212,,,0.581,,UNLABELLED,,
213,Var213,,,0.434,,UNLABELLED,,
214,Var214,,,0.381,,UNLABELLED,,
215,Var215,,,0.273,,UNLABELLED,,
216,Var216,,,0.587,,UNLABELLED,,
217,Var217,,,0.522,,UNLABELLED,,
218,Var218,,,0.42,,UNLABELLED,,
219,Var219,,,0.355,,UNLABELLED,,
220,Var220,,,0.0,,UNLABELLED,,
221,Var221,,,0.0,,UNLABELLED,,
222,Var222,,,0.0,,UNLABELLED,,
223,Var223,,,0.0,,UNLABELLED,,
224,Var224,,,0.561,,UNLABELLED,,
225,Var225,,,0.503,,UNLABELLED,,
226,Var226,,,0.277,,UNLABELLED,,
227,Var227,,,0.208,,UNLABELLED,,
228,Var228,,,0.0,,UNLABELLED,,
229,Var229,,,0.0,,UNLABELLED,,
230,Var230,,,0.0,,UNLABELLED,,
231,Var231,,,0.0,,UNLABELLED,,
232,Var232,,,0.477,,UNLABELLED,,
233,Var233,,,0.442,,UNLABELLED,,
234,Var234,,,0.47,,UNLABELLED,,
235,Var235,,,0.439,,UNLABELLED,,
236,Var236,,,0.0,,UNLABELLED,,
237,Var237,,,0.0,,UNLABELLED,,
238,Var238,,,0.103,,UNLABELLED,,
239,Var239,,,0.0,,UNLABELLED,,
240,Var240,,,0.014,,UNLABELLED,,
241,Var241,,,0.02,,UNLABELLED,,
242,Var242,,,0.03,,UNLABELLED,,
243,Var243,,,0.021,,UNLABELLED,,
244,Var244,,,0.0,,UNLABELLED,,
245,Var245,,,0.0,,UNLABELLED,,
246,Var246,,,0.052,,UNLABELLED,,
247,Var247,,,0.247,,UNLABELLED,,
248,Var248,,,0.125,,UNLABELLED,,
249,Var249,,,0.028,,UNLABELLED,,
250,Var250,,,0.008,,UNLABELLED,,
251,Var251,,,0.006,,UNLABELLED,,
252,Var252,,,0.007,,UNLABELLED,,
253,Var253,,,0.006,,UNLABELLED,,
254,Var254,,,0.117,,UNLABELLED,,
255,Var255,,,0.155,,UNLABELLED,,
256,Var256,,,0.369,,UNLABELLED,,
257,Var257,,,0.494,,UNLABELLED,,
258,Var258,,,0.012,,UNLABELLED,,
259,Var259,,,0.019,,UNLABELLED,,
260,Var260,,,0.144,,UNLABELLED,,
261,Var261,,,0.061,,UNLABELLED,,
262,Var262,,,0.086,,UNLABELLED,,
263,Var263,,,0.203,,UNLABELLED,,
264,Var264,,,0.146,,UNLABELLED,,
265,Var265,,,0.197,,UNLABELLED,,
266,Var266,,,0.0,,UNLABELLED,,
267,Var267,,,0.0,,UNLABELLED,,
268,Var268,,,0.0,,UNLABELLED,,
269,Var269,,,0.0,,UNLABELLED,,
270,Var270,,,0.081,,UNLABELLED,,
271,Var271,,,0.079,,UNLABELLED,,
272,Var272,,,0.059,,UNLABELLED,,
273,Var273,,,0.071,,UNLABELLED,,
274,Var274,,,0.121,,UNLABELLED,,
275,Var275,,,0.107,,UNLABELLED,,
276,Var276,,,0.0,,UNLABELLED,,
277,Var277,,,0.0,,UNLABELLED,,
278,Var278,,,0.518,,UNLABELLED,,
279,Var279,,,0.514,,UNLABELLED,,
280,Var280,,,0.086,,UNLABELLED,,
281,Var281,,,0.088,,UNLABELLED,,
282,Var282,,,0.1,,UNLABELLED,,
283,Var283,,,0.087,,UNLABELLED,,
284,Var284,,,0.008,,UNLABELLED,,
285,Var285,,,0.013,,UNLABELLED,,
286,Var286,,,0.016,,UNLABELLED,,
287,Var287,,,0.031,,UNLABELLED,,
288,Var288,,,0.04,,UNLABELLED,,
289,Var289,,,0.042,,UNLABELLED,,
290,Var290,,,0.086,,UNLABELLED,,
291,Var291,,,0.074,,UNLABELLED,,
292,Var292,,,0.661,,UNLABELLED,,
293,Var293,,,0.657,,UNLABELLED,,
294,Var294,,,0.003,,UNLABELLED,,
295,Var295,,,0.003,,UNLABELLED,,
296,Var296,,,0.003,,UNLABELLED,,
297,Var297,,,0.003,,UNLABELLED,,
298,Var298,,,0.0,,UNLABELLED,,
299,Var299,,,0.0,,UNLABELLED,,
300,Var300,,,0.0,,UNLABELLED,,
301,Var301,,,0.0,,UNLABELLED,,
302,Var302,,,0.087,,UNLABELLED,,
303,Var303,,,0.097,,UNLABELLED,,
304,Var304,,,0.014,,UNLABELLED,,
305,Var305,,,0.014,,UNLABELLED,,
306,Var306,,,0.505,,UNLABELLED,,
307,Var307,,,0.543,,UNLABELLED,,
308,Var308,,,0.034,,UNLABELLED,,
309,Var309,,,0.026,,UNLABELLED,,
310,Var310,,,0.032,,UNLABELLED,,
311,Var311,,,0.027,,UNLABELLED,,
312,Var312,,,0.056,,UNLABELLED,,
313,Var313,,,0.034,,UNLABELLED,,
314,Var314,,,0.371,,UNLABELLED,,
315,Var315,,,0.064,,UNLABELLED,,
316,Var316,,,0.049,,UNLABELLED,,
317,Var317,,,0.057,,UNLABELLED,,
318,Var318,,,0.0,,UNLABELLED,,
319,Var319,,,0.0,,UNLABELLED,,
320,Var320,,,0.521,,UNLABELLED,,
321,Var321,mean_vgrf_bw,xBW,0.771,distributional_scale_match_vs_addbiomechanics_train_sample,HYPOTHESIS_low_confidence,Foot Press (Temporal),Temporal_FootPress
