person,n_samples,stature_m,stature_refined,stature_within_std,pheno_height,gender_proxy,gender_proxy_note
0,3,1.535,1.5187003935122785,0.042,0.41,F_proxy,"body-size cluster (UNVERIFIED, not true sex; 8/8 vs UCI 9M/7F)"
1,3,1.564,1.5629109615449943,0.023,0.439,F_proxy,"body-size cluster (UNVERIFIED, not true sex; 8/8 vs UCI 9M/7F)"
2,3,1.848,1.7972713156544986,0.031,0.718,M_proxy,"body-size cluster (UNVERIFIED, not true sex; 8/8 vs UCI 9M/7F)"
3,3,1.672,1.670359420664008,0.136,0.545,M_proxy,"body-size cluster (UNVERIFIED, not true sex; 8/8 vs UCI 9M/7F)"
4,3,1.608,1.647232869383908,0.005,0.482,M_proxy,"body-size cluster (UNVERIFIED, not true sex; 8/8 vs UCI 9M/7F)"
5,3,1.582,1.5069603966165397,0.057,0.457,F_proxy,"body-size cluster (UNVERIFIED, not true sex; 8/8 vs UCI 9M/7F)"
6,3,1.511,1.5400964187844184,0.017,0.387,F_proxy,"body-size cluster (UNVERIFIED, not true sex; 8/8 vs UCI 9M/7F)"
7,3,1.605,1.644206730127554,0.055,0.479,M_proxy,"body-size cluster (UNVERIFIED, not true sex; 8/8 vs UCI 9M/7F)"
8,3,1.667,1.6553344403985384,0.01,0.54,M_proxy,"body-size cluster (UNVERIFIED, not true sex; 8/8 vs UCI 9M/7F)"
9,3,1.668,1.6227618541771658,0.068,0.541,M_proxy,"body-size cluster (UNVERIFIED, not true sex; 8/8 vs UCI 9M/7F)"
10,3,1.572,1.5486557220878263,0.077,0.447,F_proxy,"body-size cluster (UNVERIFIED, not true sex; 8/8 vs UCI 9M/7F)"
11,3,1.51,1.519316732544636,0.04,0.386,F_proxy,"body-size cluster (UNVERIFIED, not true sex; 8/8 vs UCI 9M/7F)"
12,3,1.474,1.504378635085993,0.014,0.35,F_proxy,"body-size cluster (UNVERIFIED, not true sex; 8/8 vs UCI 9M/7F)"
13,3,1.644,1.6752256761542417,0.035,0.518,M_proxy,"body-size cluster (UNVERIFIED, not true sex; 8/8 vs UCI 9M/7F)"
14,3,1.573,1.548021919853501,0.054,0.448,F_proxy,"body-size cluster (UNVERIFIED, not true sex; 8/8 vs UCI 9M/7F)"
15,3,1.69,1.7615665134098966,0.046,0.563,M_proxy,"body-size cluster (UNVERIFIED, not true sex; 8/8 vs UCI 9M/7F)"
