person,Var46,stature_refined,gender_proxy
0,1.535,1.5187003935122783,F_proxy
1,1.564,1.5629109615449945,F_proxy
2,1.848,1.7972713156544986,M_proxy
3,1.672,1.670359420664008,M_proxy
4,1.608,1.647232869383908,M_proxy
5,1.582,1.5069603966165395,F_proxy
6,1.511,1.5400964187844184,F_proxy
7,1.605,1.644206730127554,M_proxy
8,1.667,1.6553344403985384,M_proxy
9,1.668,1.6227618541771658,M_proxy
10,1.572,1.5486557220878263,F_proxy
11,1.51,1.519316732544636,F_proxy
12,1.474,1.504378635085993,F_proxy
13,1.644,1.6752256761542417,M_proxy
14,1.573,1.548021919853501,F_proxy
15,1.69,1.7615665134098966,M_proxy
