id,target_feature
0,9
1,9
2,4
3,9
4,9
5,9
6,9
7,10
8,15
9,16
10,18
11,11
12,9
13,16
14,9
15,9
16,9
17,5
18,9
19,11
20,14
21,4
22,9
23,9
24,9
25,9
26,13
27,2
28,16
29,9
30,1
31,9
32,16
33,14
34,10
35,9
36,9
37,9
38,6
39,8
40,9
41,9
42,9
43,9
44,9
45,9
46,13
47,9
48,5
49,9
50,0
51,2
52,0
53,14
54,2
55,9
56,9
57,1
58,3
59,1
60,3
61,9
62,1
63,9
64,9
65,9
66,9
67,7
68,9
69,6
70,9
71,9
72,4
73,9
74,6
75,4
76,9
77,15
78,2
79,7
80,9
81,9
82,9
83,9
84,9
85,9
86,9
87,7
88,9
89,9
90,16
91,8
92,14
93,14
94,9
95,9
96,7
97,15
98,9
99,8
100,9
101,8
102,8
103,7
104,9
105,3
106,9
107,9
108,9
109,9
110,5
111,2
112,16
113,9
114,9
115,10
116,9
117,9
118,9
119,0
120,9
121,7
122,2
123,2
124,1
125,9
126,4
127,9
128,4
129,6
130,9
131,9
132,9
133,9
134,16
135,9
136,15
137,9
138,9
139,9
140,9
141,9
142,15
143,9
144,0
145,9
146,12
147,9
148,9
149,16
150,3
151,9
152,9
153,9
154,6
155,9
156,9
157,9
158,9
159,5
160,2
161,5
162,9
163,9
164,9
165,9
166,9
167,1
168,12
169,9
170,4
171,9
172,9
173,0
174,9
175,9
176,9
177,16
178,9
179,9
180,6
181,9
182,14
183,5
184,9
185,3
186,9
187,0
188,9
189,9
190,0
191,9
192,9
193,9
194,6
195,1
196,7
197,3
198,9
199,6
200,9
201,16
202,0
203,9
204,9
205,13
206,3
207,5
208,9
209,9
210,9
211,1
212,9
213,9
214,16
215,6
216,9
217,9
218,11
219,0
220,9
221,10
222,10
223,4
224,9
225,5
226,9
227,9
228,9
229,9
230,12
231,12
232,9
233,7
234,9
235,9
236,9
237,8
238,10
239,14
240,9
241,0
242,3
243,9
244,9
245,9
246,9
247,3
248,10
249,3
250,9
251,9
252,9
253,9
254,9
255,0
256,9
257,9
258,9
259,9
260,18
261,2
262,9
263,15
264,4
265,9
266,15
267,9
268,9
269,5
270,13
271,12
272,12
273,13
274,9
275,18
276,9
277,16
278,9
279,9
280,9
281,9
282,12
283,9
284,9
285,3
286,15
287,7
288,9
289,9
290,15
291,1
292,9
293,9
294,9
295,6
296,9
297,9
298,10
299,1
300,14
301,9
302,5
303,4
304,11
305,17
306,16
307,3
308,9
309,6
310,9
311,9
312,9
313,17
314,9
315,9
316,12
317,9
318,9
319,9
320,9
321,14
322,13
323,9
324,9
325,9
326,9
327,9
328,17
329,8
330,9
331,16
332,15
333,11
334,9
335,10
336,9
337,5
338,4
339,9
340,9
341,9
342,9
343,11
344,9
345,9
346,16
347,14
348,6
349,4
350,12
351,9
352,14
353,14
354,12
355,8
356,9
357,9
358,12
359,9
360,9
361,9
362,16
363,11
364,9
365,9
366,9
367,9
368,6
369,9
370,18
371,9
372,13
373,9
374,17
375,9
376,9
377,18
378,5
379,4
380,9
381,18
382,0
383,9
384,9
385,6
386,14
387,10
388,9
389,13
390,9
391,9
392,16
393,5
394,9
395,9
396,12
397,0
398,6
399,6
400,9
401,0
402,9
403,1
404,16
405,4
406,9
407,10
408,9
409,13
410,11
411,9
412,9
413,17
414,15
415,5
416,3
417,7
418,12
419,13
420,9
421,9
422,12
423,9
424,7
425,9
426,9
427,2
428,9
429,9
430,16
431,7
432,9
433,2
434,9
435,9
436,9
437,12
438,9
439,11
440,13
441,11
442,9
443,0
444,9
445,9
446,9
447,0
448,9
449,9
450,9
451,9
452,9
453,9
454,16
455,9
456,15
457,9
458,9
459,9
460,9
461,6
462,11
463,2
464,3
465,9
466,9
467,9
468,9
469,13
470,9
471,2
472,16
473,15
474,1
475,11
476,1
477,9
478,9
479,9
480,9
481,3
482,9
483,9
484,1
485,5
486,18
487,9
488,9
489,8
490,2
491,12
492,9
493,9
494,9
495,9
496,12
497,9
498,9
499,9
500,0
501,9
502,9
503,14
504,4
505,7
506,9
507,16
508,0
509,9
510,9
511,9
512,5
513,9
514,9
515,9
516,9
517,14
518,13
519,2
520,18
521,11
522,1
523,9
524,9
525,2
526,9
527,9
528,9
529,4
530,9
531,6
532,9
533,1
534,15
535,9
536,9
537,9
538,1
539,15
540,8
541,6
542,2
543,16
544,9
545,14
546,4
547,9
548,7
549,9
550,9
551,10
552,11
553,15
554,3
555,9
556,9
557,9
558,9
559,10
560,9
561,2
562,9
563,11
564,9
565,9
566,14
567,3
568,9
569,9
570,10
571,9
572,6
573,2
574,0
575,9
576,6
577,9
578,9
579,0
580,9
581,16
582,9
583,9
584,9
585,9
586,2
587,14
588,8
589,9
590,16
591,14
592,9
593,9
594,9
595,9
596,9
597,9
598,9
599,5
600,10
601,9
602,9
603,9
604,12
605,10
606,12
607,13
608,9
609,9
610,9
611,9
612,9
613,9
614,9
615,9
616,9
617,6
618,9
619,9
620,9
621,7
622,9
623,3
624,9
625,9
626,10
627,9
628,9
629,5
630,9
631,17
632,13
633,9
634,9
635,9
636,9
637,9
638,9
639,9
640,5
641,9
642,9
643,0
644,4
645,13
646,13
647,9
648,14
649,5
650,9
651,6
652,6
653,9
654,4
655,9
656,7
657,16
658,9
659,9
660,9
661,9
662,2
663,6
664,3
665,2
666,9
667,9
668,9
669,9
670,9
671,13
672,9
673,9
674,9
675,15
676,7
677,9
678,3
679,3
680,4
681,9
682,11
683,9
684,17
685,9
686,9
687,16
688,11
689,9
690,10
691,9
692,9
693,13
694,18
695,2
696,5
697,7
698,9
699,9
700,6
701,9
702,13
703,9
704,9
705,1
706,9
707,16
708,9
709,9
710,9
711,9
712,9
713,9
714,9
715,9
716,9
717,3
718,9
719,13
720,9
721,9
722,9
723,9
724,9
725,3
726,9
727,9
728,9
729,9
730,9
731,9
732,9
733,9
734,9
735,9
736,9
737,9
738,9
739,9
740,9
741,9
742,13
743,9
744,9
745,9
746,9
747,9
748,8
749,12
750,16
751,9
752,11
753,9
754,8
755,12
756,9
757,9
758,9
759,9
760,9
761,16
762,9
763,9
764,2
765,13
766,0
767,5
768,9
769,9
770,6
771,11
772,2
773,13
774,9
775,9
776,5
777,9
778,9
779,8
780,9
781,9
782,9
783,12
784,9
785,9
786,9
787,2
788,9
789,9
790,3
791,15
792,9
793,9
794,9
795,9
796,13
797,3
798,9
799,9
800,5
801,9
802,9
803,1
804,9
805,5
806,9
807,6
808,9
809,16
810,9
811,9
812,9
813,5
814,14
815,9
816,9
817,6
818,0
819,9
820,9
821,9
822,2
823,9
824,9
825,9
826,9
827,9
828,9
829,9
830,9
831,4
832,17
833,9
834,5
835,9
836,9
837,9
838,9
839,9
840,9
841,9
842,9
843,9
844,7
845,9
846,9
847,11
848,9
849,9
850,9
851,9
852,9
853,15
854,2
855,9
856,9
857,9
858,9
859,6
860,4
861,9
862,9
863,10
864,9
865,6
866,13
867,9
868,9
869,4
870,9
871,9
872,9
873,9
874,11
875,9
876,6
877,9
878,1
879,9
880,11
881,9
882,15
883,9
884,9
885,9
886,15
887,9
888,3
889,9
890,8
891,5
892,3
893,9
894,9
895,9
896,12
897,15
898,14
899,12
900,9
901,9
902,9
903,9
904,13
905,15
906,8
907,2
908,9
909,9
910,9
911,9
912,10
913,3
914,9
915,6
916,12
917,7
918,7
919,9
920,6
921,7
922,16
923,7
924,7
925,9
926,9
927,9
928,0
929,7
930,17
931,3
932,7
933,9
934,8
935,9
936,9
937,9
938,4
939,9
940,9
941,16
942,5
943,15
944,13
945,9
946,2
947,18
948,18
949,9
950,9
951,9
952,15
953,9
954,10
955,9
956,9
957,14
958,18
959,9
960,9
961,9
962,9
963,9
964,14
965,7
966,9
967,10
968,14
969,9
970,9
971,9
972,5
973,4
974,6
975,9
976,9
977,8
978,4
979,9
980,9
981,14
982,9
983,9
984,9
985,15
986,4
987,9
988,13
989,4
990,9
991,11
992,1
993,7
994,9
995,9
996,14
997,9
998,9
999,0
1000,9
1001,11
1002,11
1003,9
1004,16
1005,1
1006,9
1007,10
1008,9
1009,13
1010,9
1011,6
1012,6
1013,9
1014,5
1015,9
1016,9
1017,9
1018,9
1019,9
1020,10
1021,10
1022,5
1023,9
1024,3
1025,9
1026,9
1027,15
1028,9
1029,5
1030,9
1031,11
1032,13
1033,9
1034,12
1035,5
1036,9
1037,9
1038,9
1039,18
1040,6
1041,9
1042,13
1043,9
1044,9
1045,10
1046,6
1047,1
1048,14
1049,9
1050,9
1051,18
1052,15
1053,9
1054,3
1055,16
1056,9
1057,12
1058,16
1059,6
1060,9
1061,9
1062,9
1063,9
1064,2
1065,9
1066,13
1067,9
1068,9
1069,9
1070,9
1071,5
1072,3
1073,9
1074,9
1075,10
1076,12
1077,9
1078,5
1079,10
1080,11
1081,9
1082,3
1083,9
1084,9
1085,9
1086,10
1087,9
1088,5
1089,9
1090,9
1091,7
1092,9
1093,17
1094,13
1095,9
1096,9
1097,9
1098,9
1099,0
1100,13
1101,9
1102,9
1103,9
1104,9
1105,16
1106,13
1107,12
1108,9
1109,9
1110,9
1111,9
1112,10
1113,9
1114,9
1115,9
1116,10
1117,9
1118,13
1119,9
1120,1
1121,4
1122,9
1123,9
1124,6
1125,9
1126,9
1127,10
1128,13
1129,9
1130,9
1131,9
1132,9
1133,9
1134,2
1135,9
1136,9
1137,9
1138,9
1139,9
1140,9
1141,16
1142,13
1143,9
1144,1
1145,9
1146,9
1147,9
1148,9
1149,4
1150,9
1151,8
1152,9
1153,12
1154,9
1155,5
1156,2
1157,9
1158,9
1159,2
1160,10
1161,1
1162,9
1163,9
1164,1
1165,0
1166,9
1167,9
1168,9
1169,6
1170,9
1171,18
1172,8
1173,9
1174,9
1175,8
1176,0
1177,12
1178,9
1179,9
1180,11
1181,9
1182,9
1183,5
1184,9
1185,2
1186,1
1187,9
1188,5
1189,9
1190,9
1191,9
1192,9
1193,9
1194,0
1195,13
1196,9
1197,9
1198,9
1199,11
1200,6
1201,5
1202,9
1203,9
1204,2
1205,9
1206,14
1207,9
1208,9
1209,14
1210,10
1211,9
1212,9
1213,9
1214,9
1215,9
1216,2
1217,9
1218,8
1219,11
1220,9
1221,3
1222,2
1223,9
1224,2
1225,1
1226,10
1227,9
1228,9
1229,9
1230,3
1231,16
1232,9
1233,9
1234,9
1235,6
1236,9
1237,9
1238,9
1239,9
1240,9
1241,9
1242,4
1243,7
1244,9
1245,2
1246,8
1247,9
1248,4
1249,9
1250,9
1251,9
1252,9
1253,1
1254,2
1255,9
1256,9
1257,8
1258,9
1259,9
1260,9
1261,9
1262,16
1263,4
1264,6
1265,9
1266,0
1267,17
1268,13
1269,9
1270,9
1271,1
1272,5
1273,9
1274,9
1275,9
1276,9
1277,1
1278,6
1279,9
1280,14
1281,6
1282,2
1283,6
1284,9
1285,9
1286,15
1287,1
1288,12
1289,4
1290,16
1291,5
1292,6
1293,3
1294,1
1295,2
1296,9
1297,4
1298,9
1299,14
1300,9
1301,9
1302,3
1303,16
1304,10
1305,9
1306,15
1307,9
1308,9
1309,13
1310,9
1311,1
1312,9
1313,11
1314,3
1315,0
1316,9
1317,6
1318,9
1319,9
1320,9
1321,6
1322,9
1323,9
1324,6
1325,9
1326,9
1327,8
1328,16
1329,9
1330,6
1331,14
1332,10
1333,14
1334,9
1335,8
1336,9
1337,9
1338,9
1339,9
1340,9
1341,12
1342,9
1343,8
1344,9
1345,12
1346,9
1347,14
1348,9
1349,5
1350,9
1351,9
1352,6
1353,9
1354,9
1355,9
1356,9
1357,9
1358,9
1359,11
1360,6
1361,9
1362,9
1363,18
1364,9
1365,9
1366,5
1367,16
1368,6
1369,9
1370,9
1371,9
1372,14
1373,17
1374,9
1375,9
1376,7
1377,9
1378,9
1379,15
1380,9
1381,9
1382,9
1383,1
1384,9
1385,9
1386,1
1387,9
1388,9
1389,9
1390,9
1391,13
1392,9
1393,2
1394,9
1395,4
1396,5
1397,5
1398,9
1399,9
1400,3
1401,16
1402,7
1403,9
1404,5
1405,3
1406,9
1407,9
1408,8
1409,5
1410,9
1411,9
1412,10
1413,13
1414,9
1415,9
1416,9
1417,9
1418,9
1419,9
1420,9
1421,9
1422,7
1423,9
1424,9
1425,1
1426,9
1427,12
1428,9
1429,2
1430,10
1431,9
1432,9
1433,11
1434,9
1435,9
1436,9
1437,9
1438,15
1439,16
1440,18
1441,1
1442,7
1443,9
1444,9
1445,8
1446,9
1447,11
1448,9
1449,9
1450,14
1451,9
1452,17
1453,9
1454,9
1455,0
1456,9
1457,13
1458,1
1459,9
1460,15
1461,5
1462,4
1463,9
1464,9
1465,9
1466,18
1467,2
1468,2
1469,9
1470,9
1471,7
1472,15
1473,2
1474,10
1475,7
1476,13
1477,9
1478,9
1479,15
1480,9
1481,9
1482,9
1483,11
1484,9
1485,3
1486,9
1487,9
1488,1
1489,11
1490,16
1491,9
1492,9
1493,9
1494,9
1495,9
1496,4
1497,3
1498,9
1499,9
1500,5
1501,9
1502,16
1503,9
1504,9
1505,17
1506,14
1507,5
1508,3
1509,7
1510,13
1511,18
1512,9
1513,9
1514,17
1515,9
1516,9
1517,3
1518,9
1519,9
1520,9
1521,9
1522,2
1523,16
1524,9
1525,2
1526,9
1527,4
1528,10
1529,9
1530,9
1531,9
1532,9
1533,9
1534,6
1535,9
1536,8
1537,9
1538,0
1539,16
1540,9
1541,2
1542,9
1543,7
1544,9
1545,9
1546,10
1547,9
1548,16
1549,9
1550,9
1551,9
1552,9
1553,9
1554,9
1555,9
1556,2
1557,14
1558,3
1559,13
1560,11
1561,8
1562,10
1563,9
1564,9
1565,9
1566,8
1567,7
1568,9
1569,9
1570,9
1571,5
1572,9
1573,9
1574,9
1575,9
1576,9
1577,10
1578,10
1579,9
1580,9
1581,0
1582,2
1583,9
1584,9
1585,3
1586,9
1587,9
1588,3
1589,16
1590,9
1591,10
1592,9
1593,9
1594,9
1595,9
1596,9
1597,12
1598,9
1599,9
1600,1
1601,9
1602,9
1603,9
1604,9
1605,13
1606,14
1607,9
1608,1
1609,2
1610,9
1611,9
1612,3
1613,9
1614,12
1615,4
1616,12
1617,9
1618,2
1619,9
1620,1
1621,13
1622,6
1623,9
1624,9
1625,9
1626,11
1627,5
1628,8
1629,9
1630,9
1631,9
1632,5
1633,9
1634,9
1635,9
1636,9
1637,9
1638,9
1639,9
1640,6
1641,9
1642,9
1643,0
1644,9
1645,1
1646,9
1647,9
1648,9
1649,9
1650,7
1651,9
1652,5
1653,9
1654,10
1655,9
1656,9
1657,9
1658,9
1659,9
1660,9
1661,9
1662,9
1663,9
1664,14
1665,9
1666,10
1667,11
1668,9
1669,7
1670,5
1671,9
1672,9
1673,9
1674,2
1675,6
1676,10
1677,9
1678,16
1679,9
1680,9
1681,9
1682,6
1683,7
1684,11
1685,14
1686,2
1687,0
1688,9
1689,9
1690,9
1691,9
1692,9
1693,9
1694,13
1695,9
1696,15
1697,9
1698,16
1699,9
1700,9
1701,12
1702,9
1703,9
1704,0
1705,9
1706,9
1707,9
1708,7
1709,8
1710,13
1711,8
1712,9
1713,4
1714,9
1715,0
1716,7
1717,9
1718,9
1719,12
1720,9
1721,13
1722,17
1723,0
1724,9
1725,9
1726,3
1727,9
1728,9
1729,9
1730,9
1731,9
1732,9
1733,9
1734,9
1735,9
1736,9
1737,9
1738,18
1739,4
1740,9
1741,3
1742,2
1743,9
1744,9
1745,2
1746,9
1747,9
1748,5
1749,9
1750,11
1751,6
1752,15
1753,9
1754,9
1755,2
1756,1
1757,9
1758,14
1759,5
1760,9
1761,9
1762,9
1763,15
1764,0
1765,3
1766,3
1767,9
1768,5
1769,9
1770,16
1771,4
1772,9
1773,9
1774,16
1775,9
1776,9
1777,9
1778,6
1779,2
1780,9
1781,3
1782,9
1783,11
1784,9
1785,9
1786,6
1787,9
1788,1
1789,9
1790,0
1791,9
1792,0
1793,6
1794,9
1795,9
1796,13
1797,17
1798,9
1799,6
1800,1
1801,2
1802,9
1803,9
1804,16
1805,9
1806,9
1807,10
1808,5
1809,9
1810,6
1811,10
1812,16
1813,9
1814,9
1815,2
1816,9
1817,9
1818,9
1819,9
1820,3
1821,6
1822,2
1823,18
1824,9
1825,12
1826,7
1827,9
1828,6
1829,0
1830,9
1831,9
1832,6
1833,9
1834,8
1835,14
1836,2
1837,7
1838,9
1839,7
1840,9
1841,9
1842,2
1843,9
1844,2
1845,9
1846,4
1847,9
1848,18
1849,13
1850,9
1851,9
1852,16
1853,9
1854,9
1855,9
1856,9
1857,5
1858,16
1859,9
1860,15
1861,9
1862,6
1863,9
1864,15
1865,13
1866,10
1867,9
1868,9
1869,9
1870,14
1871,9
1872,13
1873,9
1874,14
1875,5
1876,13
1877,13
1878,9
1879,9
1880,9
1881,4
1882,9
1883,2
1884,0
1885,10
1886,9
1887,4
1888,1
1889,9
1890,9
1891,9
1892,13
1893,9
1894,11
1895,9
1896,12
1897,5
1898,12
1899,3
1900,3
1901,9
1902,9
1903,9
1904,9
1905,14
1906,9
1907,9
1908,9
1909,9
1910,9
1911,9
1912,6
1913,9
1914,9
1915,9
1916,9
1917,9
1918,9
1919,8
1920,13
1921,9
1922,10
1923,5
1924,9
1925,9
1926,9
1927,6
1928,12
1929,9
1930,7
1931,9
1932,16
1933,9
1934,13
1935,9
1936,9
1937,9
1938,2
1939,15
1940,16
1941,10
1942,9
1943,9
1944,16
1945,9
1946,9
1947,9
1948,16
1949,9
1950,18
1951,3
1952,1
1953,9
1954,9
1955,7
1956,11
1957,9
1958,0
1959,9
1960,0
1961,9
1962,9
1963,9
1964,0
1965,9
1966,9
1967,9
1968,9
1969,5
1970,18
1971,9
1972,18
1973,12
1974,9
1975,8
1976,6
1977,11
1978,9
1979,9
1980,13
1981,2
1982,0
1983,9
1984,9
1985,15
1986,9
1987,16
1988,9
1989,9
1990,11
1991,3
1992,12
1993,9
1994,9
1995,16
1996,9
1997,8
1998,2
1999,9
2000,9
2001,12
2002,11
2003,13
2004,11
2005,3
2006,9
2007,0
2008,9
2009,2
2010,13
2011,9
2012,9
2013,9
2014,9
2015,9
2016,9
2017,6
2018,13
2019,9
2020,9
2021,6
2022,9
2023,9
2024,12
2025,17
2026,18
2027,9
2028,9
2029,1
2030,11
2031,7
2032,1
2033,5
2034,9
2035,9
2036,8
2037,12
2038,9
2039,9
2040,6
2041,4
2042,9
2043,9
2044,9
2045,6
2046,13
2047,9
2048,9
2049,9
2050,1
2051,15
2052,5
2053,9
2054,17
2055,9
2056,9
2057,9
2058,9
2059,9
2060,14
2061,9
2062,15
2063,11
2064,17
2065,9
2066,9
2067,9
2068,5
2069,9
2070,5
2071,9
2072,9
2073,7
2074,9
2075,11
2076,9
2077,14
2078,9
2079,9
2080,9
2081,9
2082,9
2083,9
2084,9
2085,9
2086,9
2087,9
2088,9
2089,9
2090,9
2091,9
2092,9
2093,18
2094,9
2095,9
2096,9
2097,13
2098,13
2099,9
2100,9
2101,9
2102,9
2103,9
2104,9
2105,9
2106,9
2107,7
2108,10
2109,9
2110,6
2111,15
2112,9
2113,9
2114,9
2115,7
2116,14
2117,9
2118,16
2119,9
2120,9
2121,1
2122,13
2123,18
2124,9
2125,8
2126,9
2127,9
2128,9
2129,5
2130,9
2131,9
2132,1
2133,15
2134,12
2135,9
2136,9
2137,12
2138,8
2139,2
2140,1
2141,13
2142,13
2143,9
2144,12
2145,5
2146,13
2147,9
2148,9
2149,6
2150,9
2151,9
2152,6
2153,9
2154,9
2155,9
2156,9
2157,1
2158,2
2159,12
2160,9
2161,9
2162,2
2163,9
2164,9
2165,7
2166,9
2167,13
2168,9
2169,16
2170,12
2171,9
2172,9
2173,9
2174,9
2175,9
2176,9
2177,9
2178,9
2179,9
2180,9
2181,9
2182,12
2183,15
2184,9
2185,9
2186,1
2187,9
2188,1
2189,8
2190,4
2191,9
2192,1
2193,9
2194,3
2195,10
2196,9
2197,9
2198,9
2199,4
2200,1
2201,15
2202,9
2203,9
2204,9
2205,1
2206,9
2207,9
2208,16
2209,9
2210,1
2211,4
2212,7
2213,9
2214,9
2215,8
2216,14
2217,9
2218,9
2219,9
2220,9
2221,6
2222,15
2223,9
2224,9
2225,9
2226,3
2227,9
2228,0
2229,9
2230,9
2231,14
2232,9
2233,9
2234,9
2235,1
2236,9
2237,9
2238,9
2239,1
2240,8
2241,9
2242,9
2243,9
2244,9
2245,11
2246,9
2247,9
2248,9
2249,9
2250,2
2251,9
2252,9
2253,9
2254,12
2255,18
2256,8
2257,9
2258,13
2259,9
2260,9
2261,9
2262,9
2263,9
2264,9
2265,13
2266,5
2267,9
2268,11
2269,9
2270,3
2271,7
2272,9
2273,17
2274,9
2275,4
2276,16
2277,8
2278,9
2279,14
2280,9
2281,14
2282,9
2283,7
2284,9
2285,9
2286,7
2287,9
2288,18
2289,9
2290,9
2291,13
2292,9
2293,9
2294,0
2295,2
2296,9
2297,15
2298,5
2299,9
2300,5
2301,9
2302,9
2303,13
2304,12
2305,9
2306,16
2307,9
2308,9
2309,9
2310,1
2311,13
2312,6
2313,9
2314,9
2315,9
2316,9
2317,11
2318,14
2319,5
2320,9
2321,4
2322,7
2323,9
2324,9
2325,9
2326,9
2327,5
2328,6
2329,9
2330,9
2331,0
2332,9
2333,9
2334,9
2335,9
2336,9
2337,9
2338,4
2339,9
2340,9
2341,9
2342,9
2343,0
2344,9
2345,13
2346,14
2347,2
2348,7
2349,9
2350,9
2351,9
2352,9
2353,6
2354,2
2355,6
2356,10
2357,3
2358,8
2359,18
2360,9
2361,9
2362,9
2363,9
2364,13
2365,3
2366,12
2367,9
2368,3
2369,7
2370,15
2371,9
2372,16
2373,11
2374,9
2375,9
2376,9
2377,9
2378,6
2379,9
2380,9
2381,9
2382,9
2383,9
2384,9
2385,16
2386,9
2387,9
2388,8
2389,9
2390,5
2391,15
2392,9
2393,2
2394,9
2395,13
2396,9
2397,8
2398,2
2399,9
2400,2
2401,7
2402,9
2403,9
2404,4
2405,12
2406,17
2407,12
2408,3
2409,7
2410,9
2411,9
2412,16
2413,9
2414,5
2415,8
2416,9
2417,15
2418,0
2419,9
2420,15
2421,9
2422,9
2423,9
2424,9
2425,9
2426,0
2427,9
2428,1
2429,9
2430,9
2431,9
2432,11
2433,9
2434,7
2435,6
2436,9
2437,9
2438,9
2439,4
2440,9
2441,2
2442,9
2443,9
2444,9
2445,16
2446,9
2447,9
2448,12
2449,2
2450,9
2451,1
2452,16
2453,8
2454,9
2455,9
2456,8
2457,9
2458,16
2459,4
2460,14
2461,16
2462,6
2463,9
2464,13
2465,9
2466,9
2467,9
2468,16
2469,16
2470,9
2471,5
2472,16
2473,9
2474,0
2475,5
2476,3
2477,6
2478,9
2479,6
2480,13
2481,5
2482,9
2483,9
2484,9
2485,14
2486,9
2487,12
2488,9
2489,15
2490,5
2491,9
2492,4
2493,9
2494,9
2495,9
2496,13
2497,12
2498,9
2499,9
2500,6
2501,9
2502,9
2503,14
2504,9
2505,9
2506,2
2507,9
2508,6
2509,9
2510,9
2511,1
2512,9
2513,3
2514,9
2515,9
2516,4
2517,2
2518,9
2519,9
2520,9
2521,9
2522,16
2523,1
2524,9
2525,9
2526,9
2527,6
2528,3
2529,3
2530,9
2531,10
2532,7
2533,0
2534,9
2535,9
2536,9
2537,9
2538,9
2539,9
2540,8
2541,12
2542,0
2543,15
2544,10
2545,9
2546,9
2547,9
2548,9
2549,9
2550,9
2551,9
2552,9
2553,6
2554,14
2555,9
2556,15
2557,7
2558,3
2559,13
2560,15
2561,13
2562,9
2563,6
2564,9
2565,9
2566,9
2567,9
2568,14
2569,13
2570,16
2571,9
2572,9
2573,14
2574,9
2575,9
2576,9
2577,8
2578,11
2579,9
2580,9
2581,9
2582,9
2583,2
2584,9
2585,14
2586,9
2587,2
2588,9
2589,1
2590,7
2591,7
2592,9
2593,9
2594,5
2595,13
2596,9
2597,6
2598,2
2599,6
2600,7
2601,2
2602,9
2603,9
2604,3
2605,9
2606,9
2607,2
2608,14
2609,9
2610,9
2611,16
2612,10
2613,12
2614,7
2615,13
2616,9
2617,9
2618,12
2619,9
2620,9
2621,17
2622,9
2623,16
2624,9
2625,18
2626,9
2627,7
2628,4
2629,9
2630,5
2631,13
2632,0
2633,6
2634,9
2635,16
2636,18
2637,13
2638,9
2639,10
2640,9
2641,9
2642,9
2643,9
2644,9
2645,7
2646,9
2647,6
2648,5
2649,9
2650,18
2651,7
2652,7
2653,9
2654,5
2655,9
2656,9
2657,15
2658,9
2659,9
2660,5
2661,9
2662,6
2663,9
2664,9
2665,9
2666,9
2667,13
2668,9
2669,5
2670,16
2671,9
2672,9
2673,8
2674,9
2675,9
2676,9
2677,9
2678,13
2679,15
2680,14
2681,9
2682,9
2683,9
2684,9
2685,9
2686,5
2687,2
2688,9
2689,9
2690,11
2691,2
2692,1
2693,4
2694,9
2695,9
2696,9
2697,13
2698,9
2699,9
2700,9
2701,9
2702,9
2703,9
2704,3
2705,9
2706,9
2707,9
2708,9
2709,8
2710,9
2711,9
2712,16
2713,12
2714,2
2715,10
2716,1
2717,15
2718,9
2719,9
2720,3
2721,9
2722,9
2723,2
2724,7
2725,9
2726,13
2727,7
2728,0
2729,11
2730,9
2731,5
2732,9
2733,9
2734,9
2735,9
2736,2
2737,9
2738,2
2739,5
2740,9
2741,9
2742,16
2743,5
2744,4
2745,13
2746,0
2747,8
2748,9
2749,9
2750,9
2751,0
2752,14
2753,6
2754,9
2755,9
2756,10
2757,2
2758,9
2759,0
2760,4
2761,12
2762,9
2763,9
2764,13
2765,9
2766,11
2767,9
2768,9
2769,13
2770,5
2771,9
2772,9
2773,16
2774,9
2775,9
2776,9
2777,13
2778,15
2779,12
2780,9
2781,9
2782,9
2783,9
2784,9
2785,7
2786,9
2787,16
2788,0
2789,9
2790,8
2791,9
2792,18
2793,9
2794,9
2795,9
2796,5
2797,9
2798,5
2799,2
2800,9
2801,9
2802,9
2803,9
2804,9
2805,6
2806,9
2807,13
2808,4
2809,5
2810,9
2811,9
2812,15
2813,9
2814,6
2815,9
2816,9
2817,9
2818,9
2819,5
2820,15
2821,9
2822,9
2823,11
2824,15
2825,13
2826,9
2827,11
2828,13
2829,9
2830,0
2831,9
2832,5
2833,2
2834,0
2835,9
2836,9
2837,9
2838,10
2839,9
2840,10
2841,11
2842,9
2843,11
2844,13
2845,9
2846,6
2847,9
2848,13
2849,9
2850,9
2851,14
2852,9
2853,1
2854,9
2855,1
2856,7
2857,5
2858,9
2859,4
2860,16
2861,18
2862,9
2863,11
2864,10
2865,9
2866,9
2867,9
2868,10
2869,5
2870,1
2871,9
2872,9
2873,9
2874,9
2875,2
2876,13
2877,3
2878,3
2879,3
2880,13
2881,16
2882,18
2883,9
2884,9
2885,0
2886,16
2887,13
2888,9
2889,9
2890,13
2891,2
2892,9
2893,6
2894,9
2895,9
2896,4
2897,9
2898,9
2899,13
2900,10
2901,9
2902,6
2903,9
2904,9
2905,2
2906,9
2907,9
2908,16
2909,15
2910,16
2911,13
2912,9
2913,16
2914,4
2915,9
2916,9
2917,9
2918,9
2919,9
2920,9
2921,9
2922,9
2923,9
2924,12
2925,9
2926,13
2927,12
2928,17
2929,9
2930,16
2931,9
2932,9
2933,9
2934,4
2935,9
2936,8
2937,10
2938,9
2939,9
2940,9
2941,9
2942,9
2943,9
2944,6
2945,9
2946,9
2947,9
2948,9
2949,9
2950,5
2951,1
2952,9
2953,9
2954,5
2955,9
2956,9
2957,9
2958,2
2959,9
2960,9
2961,6
2962,2
2963,11
2964,2
2965,9
2966,9
2967,12
2968,9
2969,9
2970,9
2971,15
2972,9
2973,13
2974,9
2975,9
2976,0
2977,9
2978,9
2979,9
2980,2
2981,9
2982,7
2983,15
2984,3
2985,9
2986,9
2987,9
2988,2
2989,8
2990,9
2991,9
2992,7
2993,7
2994,9
2995,9
2996,5
2997,8
2998,6
2999,9
3000,9
3001,4
3002,9
3003,18
3004,9
3005,1
3006,9
3007,14
3008,9
3009,1
3010,10
3011,1
3012,9
3013,9
3014,0
3015,16
3016,9
3017,9
3018,2
3019,9
3020,13
3021,9
3022,9
3023,9
3024,8
3025,9
3026,4
3027,9
3028,9
3029,9
3030,9
3031,9
3032,9
3033,14
3034,9
3035,9
3036,12
3037,0
3038,9
3039,9
3040,9
3041,9
3042,8
3043,12
3044,11
3045,9
3046,7
3047,13
3048,9
3049,9
3050,3
3051,9
3052,10
3053,9
3054,9
3055,9
3056,2
3057,9
3058,1
3059,9
3060,9
3061,15
3062,9
3063,16
3064,9
3065,9
3066,9
3067,9
3068,13
3069,9
3070,9
3071,9
3072,0
3073,9
3074,8
3075,9
3076,3
3077,9
3078,9
3079,9
3080,12
3081,9
3082,9
3083,8
3084,9
3085,5
3086,9
3087,6
3088,13
3089,9
3090,2
3091,9
3092,3
3093,14
3094,14
3095,13
3096,5
3097,17
3098,9
3099,3
3100,9
3101,9
3102,16
3103,2
3104,10
3105,9
3106,9
3107,18
3108,14
3109,9
3110,9
3111,9
3112,9
3113,9
3114,9
3115,2
3116,1
3117,14
3118,0
3119,10
3120,13
3121,18
3122,9
3123,9
3124,0
3125,3
3126,10
3127,6
3128,9
3129,0
3130,9
3131,11
3132,6
3133,9
3134,9
3135,9
3136,2
3137,9
3138,2
3139,9
3140,12
3141,9
3142,9
3143,9
3144,9
3145,9
3146,9
3147,6
3148,9
3149,9
3150,9
3151,8
3152,4
3153,10
3154,9
3155,9
3156,9
3157,6
3158,14
3159,18
3160,7
3161,7
3162,9
3163,9
3164,9
3165,9
3166,9
3167,9
3168,9
3169,4
3170,9
3171,5
3172,9
3173,9
3174,9
3175,8
3176,9
3177,9
3178,9
3179,5
3180,1
3181,9
3182,9
3183,9
3184,2
3185,9
3186,9
3187,9
3188,9
3189,9
3190,9
3191,4
3192,9
3193,9
3194,9
3195,14
3196,9
3197,9
3198,9
3199,7
3200,7
3201,9
3202,9
3203,9
3204,9
3205,9
3206,9
3207,15
3208,18
3209,9
3210,7
3211,10
3212,9
3213,9
3214,9
3215,9
3216,5
3217,9
3218,9
3219,17
3220,0
3221,9
3222,9
3223,0
3224,9
3225,9
3226,9
3227,13
3228,9
3229,9
3230,0
3231,9
3232,9
3233,14
3234,9
3235,9
3236,5
3237,9
3238,7
3239,9
3240,9
3241,2
3242,9
3243,13
3244,6
3245,10
3246,13
3247,9
3248,9
3249,9
3250,9
3251,9
3252,9
3253,9
3254,6
3255,9
3256,9
3257,9
3258,13
3259,9
3260,6
3261,9
3262,5
3263,8
3264,9
3265,9
3266,9
3267,0
3268,9
3269,9
3270,8
3271,7
3272,8
3273,9
3274,9
3275,9
3276,9
3277,7
3278,2
3279,15
3280,2
3281,9
3282,9
3283,10
3284,9
3285,3
3286,0
3287,15
3288,16
3289,3
3290,5
3291,0
3292,9
3293,12
3294,1
3295,13
3296,9
3297,9
3298,9
3299,9
3300,6
3301,9
3302,9
3303,6
3304,17
3305,9
3306,9
3307,9
3308,9
3309,9
3310,9
3311,8
3312,9
3313,9
3314,2
3315,9
3316,9
3317,9
3318,9
3319,9
3320,9
3321,9
3322,9
3323,7
3324,9
3325,9
3326,9
3327,5
3328,12
3329,5
3330,9
3331,9
3332,8
3333,16
3334,7
3335,9
3336,5
3337,9
3338,9
3339,9
3340,10
3341,4
3342,9
3343,0
3344,9
3345,2
3346,9
3347,9
3348,9
3349,16
3350,9
3351,9
3352,9
3353,9
3354,6
3355,9
3356,9
3357,0
3358,9
3359,9
3360,5
3361,9
3362,9
3363,3
3364,10
3365,9
3366,0
3367,9
3368,4
3369,8
3370,1
3371,9
3372,9
3373,12
3374,1
3375,9
3376,7
3377,9
3378,0
3379,16
3380,6
3381,3
3382,5
3383,9
3384,9
3385,2
3386,11
3387,9
3388,13
3389,9
3390,13
3391,9
3392,2
3393,9
3394,9
3395,9
3396,9
3397,9
3398,1
3399,16
3400,9
3401,9
3402,6
3403,9
3404,13
3405,7
3406,9
3407,9
3408,3
3409,9
3410,9
3411,9
3412,14
3413,9
3414,3
3415,9
3416,15
3417,9
3418,11
3419,1
3420,10
3421,9
3422,9
3423,16
3424,9
3425,6
3426,9
3427,9
3428,9
3429,13
3430,9
3431,1
3432,9
3433,4
3434,0
3435,9
3436,5
3437,9
3438,9
3439,14
3440,12
3441,16
3442,9
3443,9
3444,9
3445,9
3446,9
3447,9
3448,7
3449,16
3450,16
3451,13
3452,9
3453,9
3454,9
3455,3
3456,9
3457,5
3458,9
3459,0
3460,16
3461,9
3462,8
3463,0
3464,9
3465,9
3466,0
3467,0
3468,9
3469,9
3470,3
3471,9
3472,9
3473,15
3474,9
3475,9
3476,9
3477,9
3478,9
3479,8
3480,9
3481,9
3482,3
3483,9
3484,2
3485,9
3486,3
3487,9
3488,9
3489,13
3490,9
3491,9
3492,9
3493,9
3494,9
3495,10
3496,7
3497,10
3498,9
3499,9
3500,9
3501,4
3502,2
3503,6
3504,8
3505,6
3506,9
3507,9
3508,9
3509,9
3510,1
3511,9
3512,9
3513,9
3514,16
3515,9
3516,9
3517,15
3518,9
3519,9
3520,9
3521,18
3522,9
3523,16
3524,7
3525,9
3526,15
3527,9
3528,10
3529,9
3530,8
3531,9
3532,15
3533,9
3534,13
3535,9
3536,11
3537,9
3538,9
3539,2
3540,0
3541,9
3542,9
3543,4
3544,8
3545,0
3546,7
3547,8
3548,1
3549,12
3550,9
3551,9
3552,9
3553,6
3554,9
3555,9
3556,1
3557,9
3558,9
3559,9
3560,9
3561,9
3562,9
3563,1
3564,9
3565,9
3566,14
3567,10
3568,8
3569,9
3570,2
3571,9
3572,16
3573,9
3574,9
3575,12
3576,9
3577,9
3578,4
3579,9
3580,9
3581,9
3582,9
3583,9
3584,0
3585,10
3586,5
3587,12
3588,9
3589,9
3590,6
3591,7
3592,6
3593,9
3594,9
3595,9
3596,10
3597,0
3598,13
3599,9
3600,17
3601,9
3602,12
3603,5
3604,10
3605,8
3606,9
3607,9
3608,7
3609,9
3610,9
3611,3
3612,9
3613,9
3614,2
3615,0
3616,9
3617,9
3618,13
3619,9
3620,9
3621,9
3622,9
3623,6
3624,9
3625,9
3626,9
3627,9
3628,9
3629,9
3630,3
3631,9
3632,9
3633,9
3634,9
3635,9
3636,9
3637,9
3638,9
3639,9
3640,18
3641,0
3642,9
3643,9
3644,3
3645,14
3646,0
3647,9
3648,0
3649,8
3650,16
3651,9
3652,9
3653,9
3654,2
3655,9
3656,9
3657,9
3658,9
3659,9
3660,3
3661,9
3662,9
3663,7
3664,9
3665,10
3666,9
3667,2
3668,9
3669,9
3670,9
3671,13
3672,9
3673,9
3674,9
3675,6
3676,9
3677,9
3678,1
3679,9
3680,9
3681,5
3682,9
3683,15
3684,9
3685,6
3686,9
3687,9
3688,13
3689,9
3690,9
3691,5
3692,9
3693,17
3694,9
3695,17
3696,9
3697,9
3698,9
3699,9
3700,9
3701,9
3702,13
3703,9
3704,9
3705,9
3706,6
3707,9
3708,9
3709,9
3710,5
3711,8
3712,9
3713,9
3714,12
3715,9
3716,9
3717,9
3718,9
3719,2
3720,18
3721,9
3722,9
3723,1
3724,9
3725,9
3726,9
3727,18
3728,1
3729,16
3730,9
3731,9
3732,9
3733,9
3734,6
3735,14
3736,9
3737,9
3738,5
3739,0
3740,9
3741,9
3742,9
3743,9
3744,9
3745,9
3746,9
3747,9
3748,9
3749,9
3750,17
3751,9
3752,9
3753,9
3754,2
3755,9
3756,2
3757,9
3758,4
3759,5
3760,14
3761,9
3762,12
3763,1
3764,9
3765,9
3766,3
3767,10
3768,9
3769,9
3770,9
3771,14
3772,9
3773,9
3774,9
3775,9
3776,8
3777,9
3778,4
3779,9
3780,9
3781,9
3782,0
3783,9
3784,9
3785,9
3786,16
3787,2
3788,9
3789,0
3790,9
3791,9
3792,11
3793,9
3794,13
3795,9
3796,9
3797,1
3798,9
3799,9
3800,12
3801,9
3802,8
3803,11
3804,9
3805,12
3806,11
3807,9
3808,12
3809,2
3810,14
3811,9
3812,9
3813,9
3814,5
3815,9
3816,13
3817,9
3818,17
3819,12
3820,13
3821,9
3822,9
3823,9
3824,9
3825,0
3826,1
3827,9
3828,9
3829,3
3830,8
3831,6
3832,5
3833,9
3834,3
3835,6
3836,9
3837,15
3838,9
3839,3
3840,9
3841,9
3842,9
3843,9
3844,9
3845,14
3846,9
3847,9
3848,17
3849,8
3850,6
3851,12
3852,4
3853,10
3854,8
3855,9
3856,9
3857,9
3858,17
3859,9
3860,0
3861,9
3862,9
3863,9
3864,15
3865,9
3866,9
3867,9
3868,14
3869,9
3870,9
3871,9
3872,18
3873,9
3874,9
3875,9
3876,9
3877,1
3878,6
3879,1
3880,0
3881,0
3882,2
3883,0
3884,9
3885,2
3886,9
3887,9
3888,9
3889,11
3890,9
3891,9
3892,9
3893,2
3894,9
3895,9
3896,16
3897,9
3898,2
3899,9
3900,7
3901,9
3902,13
3903,9
3904,7
3905,7
3906,9
3907,8
3908,9
3909,12
3910,5
3911,9
3912,9
3913,9
3914,9
3915,9
3916,0
3917,12
3918,9
3919,9
3920,13
3921,9
3922,4
3923,9
3924,9
3925,0
3926,12
3927,4
3928,9
3929,8
3930,1
3931,0
3932,9
3933,9
3934,4
3935,9
3936,9
3937,2
3938,18
3939,18
3940,9
3941,0
3942,7
3943,9
3944,2
3945,0
3946,9
3947,9
3948,14
3949,9
3950,9
3951,5
3952,9
3953,9
3954,9
3955,9
3956,9
3957,2
3958,12
3959,11
3960,9
3961,9
3962,13
3963,9
3964,9
3965,10
3966,9
3967,6
3968,9
3969,9
3970,9
3971,9
3972,8
3973,9
3974,9
3975,9
3976,9
3977,9
3978,1
3979,9
3980,9
3981,3
3982,2
3983,6
3984,9
3985,0
3986,12
3987,12
3988,9
3989,9
3990,9
3991,10
3992,2
3993,9
3994,9
3995,9
3996,9
3997,9
3998,10
3999,9
4000,9
4001,9
4002,9
4003,9
4004,12
4005,9
4006,9
4007,9
4008,16
4009,9
4010,5
4011,12
4012,17
4013,9
4014,2
4015,9
4016,9
4017,6
4018,17
4019,7
4020,9
4021,10
4022,9
4023,9
4024,9
4025,9
4026,9
4027,5
4028,11
4029,9
4030,9
4031,9
4032,9
4033,9
4034,9
4035,9
4036,8
4037,9
4038,9
4039,9
4040,9
4041,9
4042,9
4043,9
4044,9
4045,5
4046,16
4047,9
4048,12
4049,9
4050,18
4051,9
4052,3
4053,10
4054,1
4055,5
4056,0
4057,3
4058,13
4059,9
4060,9
4061,12
4062,9
4063,8
4064,4
4065,9
4066,9
4067,5
4068,9
4069,9
4070,12
4071,2
4072,0
4073,4
4074,0
4075,9
4076,9
4077,8
4078,1
4079,9
4080,9
4081,16
4082,9
4083,5
4084,9
4085,9
4086,7
4087,9
4088,9
4089,9
4090,11
4091,9
4092,9
4093,9
4094,9
4095,5
4096,1
4097,9
4098,9
4099,9
4100,9
4101,9
4102,9
4103,9
4104,9
4105,7
4106,9
4107,2
4108,18
4109,9
4110,9
4111,2
4112,9
4113,9
4114,9
4115,9
4116,9
4117,12
4118,9
4119,9
4120,15
4121,9
4122,0
4123,9
4124,9
4125,9
4126,15
4127,17
4128,9
4129,15
4130,9
4131,8
4132,3
4133,9
4134,2
4135,0
4136,9
4137,9
4138,3
4139,9
4140,9
4141,9
4142,9
4143,9
4144,9
4145,1
4146,9
4147,9
4148,9
4149,9
4150,9
4151,12
4152,9
4153,9
4154,6
4155,9
4156,9
4157,9
4158,9
4159,9
4160,9
4161,3
4162,9
4163,0
4164,5
4165,12
4166,9
4167,1
4168,9
4169,9
4170,9
4171,9
4172,18
4173,0
4174,5
4175,7
4176,10
4177,9
4178,0
4179,9
4180,9
4181,9
4182,12
4183,9
4184,9
4185,18
4186,9
4187,9
4188,15
4189,4
4190,4
4191,9
4192,6
4193,9
4194,9
4195,9
4196,9
4197,9
4198,9
4199,8
4200,15
4201,11
4202,9
4203,9
4204,9
4205,9
4206,9
4207,9
4208,9
4209,7
4210,6
4211,9
4212,9
4213,9
4214,6
4215,9
4216,16
4217,9
4218,12
4219,7
4220,13
4221,9
4222,9
4223,9
4224,4
4225,13
4226,0
4227,9
4228,3
4229,9
4230,9
4231,9
4232,9
4233,9
4234,12
4235,9
4236,9
4237,16
4238,9
4239,9
4240,9
4241,9
4242,9
4243,9
4244,9
4245,15
4246,9
4247,9
4248,9
4249,9
4250,12
4251,9
4252,2
4253,9
4254,9
4255,2
4256,9
4257,9
4258,15
4259,9
4260,9
4261,9
4262,9
4263,9
4264,9
4265,9
4266,9
4267,9
4268,9
4269,10
4270,12
4271,9
4272,13
4273,9
4274,14
4275,9
4276,13
4277,9
4278,7
4279,11
4280,0
4281,9
4282,17
4283,9
4284,2
4285,9
4286,9
4287,9
4288,9
4289,9
4290,16
4291,9
4292,9
4293,9
4294,9
4295,9
4296,9
4297,6
4298,9
4299,9
4300,2
4301,8
4302,9
4303,9
4304,9
4305,4
4306,6
4307,9
4308,9
4309,6
4310,9
4311,12
4312,9
4313,9
4314,13
4315,9
4316,5
4317,9
4318,9
4319,16
4320,9
4321,15
4322,9
4323,10
4324,9
4325,7
4326,11
4327,16
4328,9
4329,9
4330,12
4331,9
4332,9
4333,9
4334,9
4335,9
4336,9
4337,8
4338,9
4339,16
4340,9
4341,10
4342,10
4343,9
4344,9
4345,1
4346,9
4347,0
4348,12
4349,15
4350,9
4351,9
4352,9
4353,9
4354,9
4355,5
4356,9
4357,2
4358,9
4359,9
4360,5
4361,3
4362,9
4363,9
4364,9
4365,9
4366,5
4367,9
4368,9
4369,9
4370,9
4371,9
4372,3
4373,9
4374,6
4375,9
4376,6
4377,0
4378,12
4379,9
4380,9
4381,9
4382,9
4383,9
4384,14
4385,8
4386,9
4387,18
4388,9
4389,0
4390,9
4391,9
4392,10
4393,8
4394,9
4395,9
4396,9
4397,9
4398,9
4399,9
4400,9
4401,14
4402,9
4403,9
4404,6
4405,9
4406,9
4407,9
4408,9
4409,9
4410,2
4411,10
4412,9
4413,9
4414,9
4415,17
4416,9
4417,12
4418,11
4419,5
4420,9
4421,2
4422,5
4423,4
4424,9
4425,0
4426,9
4427,9
4428,9
4429,11
4430,3
4431,9
4432,9
4433,3
4434,9
4435,9
4436,11
4437,3
4438,5
4439,9
4440,9
4441,9
4442,2
4443,10
4444,9
4445,9
4446,9
4447,9
4448,9
4449,14
4450,9
4451,16
4452,14
4453,9
4454,2
4455,0
4456,12
4457,4
4458,12
4459,16
4460,9
4461,9
4462,9
4463,9
4464,4
4465,15
4466,9
4467,9
4468,9
4469,18
4470,8
4471,7
4472,5
4473,9
4474,9
4475,8
4476,9
4477,9
4478,14
4479,1
4480,9
4481,0
4482,9
4483,9
4484,9
4485,5
4486,9
4487,9
4488,9
4489,9
4490,9
4491,4
4492,14
4493,6
4494,15
4495,9
4496,9
4497,9
4498,9
4499,6
4500,2
4501,5
4502,9
4503,9
4504,16
4505,9
4506,8
4507,9
4508,9
4509,16
4510,15
4511,9
4512,11
4513,4
4514,9
4515,11
4516,7
4517,1
4518,9
4519,8
4520,8
4521,7
4522,9
4523,10
4524,9
4525,3
4526,9
4527,9
4528,14
4529,9
4530,10
4531,9
4532,9
4533,10
4534,9
4535,3
4536,5
4537,9
4538,15
4539,9
4540,5
4541,15
4542,16
4543,6
4544,9
4545,5
4546,12
4547,9
4548,9
4549,15
4550,8
4551,9
4552,9
4553,2
4554,9
4555,9
4556,12
4557,9
4558,9
4559,9
4560,1
4561,9
4562,14
4563,2
4564,7
4565,8
4566,9
4567,9
4568,2
4569,5
4570,15
4571,18
4572,9
4573,9
4574,9
4575,9
4576,9
4577,9
4578,7
4579,9
4580,9
4581,9
4582,9
4583,9
4584,5
4585,9
4586,7
4587,9
4588,9
4589,9
4590,12
4591,6
4592,0
4593,9
4594,9
4595,9
4596,9
4597,9
4598,2
4599,9
4600,9
4601,4
4602,9
4603,9
4604,9
4605,16
4606,16
4607,9
4608,9
4609,3
4610,9
4611,9
4612,9
4613,8
4614,9
4615,12
4616,9
4617,9
4618,9
4619,9
4620,5
4621,9
4622,9
4623,13
4624,6
4625,9
4626,9
4627,9
4628,1
4629,9
4630,10
4631,9
4632,2
4633,9
4634,13
4635,9
4636,9
4637,9
4638,9
4639,9
4640,6
4641,9
4642,11
4643,8
4644,6
4645,9
4646,2
4647,9
4648,3
4649,12
4650,9
4651,9
4652,2
4653,0
4654,16
4655,9
4656,8
4657,10
4658,9
4659,9
4660,9
4661,9
4662,9
4663,9
4664,2
4665,9
4666,9
4667,10
4668,9
4669,9
4670,9
4671,13
4672,3
4673,9
4674,9
4675,11
4676,2
4677,4
4678,4
4679,3
4680,9
4681,9
4682,9
4683,9
4684,9
4685,7
4686,9
4687,8
4688,13
4689,9
4690,18
4691,9
4692,5
4693,9
4694,14
4695,9
4696,9
4697,17
4698,13
4699,9
4700,2
4701,9
4702,9
4703,4
4704,2
4705,2
4706,9
4707,9
4708,9
4709,9
4710,6
4711,9
4712,6
4713,9
4714,9
4715,9
4716,9
4717,15
4718,10
4719,9
4720,9
4721,8
4722,9
4723,9
4724,2
4725,9
4726,9
4727,11
4728,9
4729,9
4730,0
4731,1
4732,3
4733,12
4734,1
4735,0
4736,9
4737,9
4738,9
4739,2
4740,13
4741,9
4742,11
4743,6
4744,1
4745,18
4746,9
4747,9
4748,9
4749,9
4750,9
4751,9
4752,2
4753,16
4754,0
4755,9
4756,4
4757,9
4758,14
4759,13
4760,9
4761,9
4762,9
4763,9
4764,7
4765,9
4766,5
4767,9
4768,9
4769,9
4770,5
4771,9
4772,9
4773,0
4774,4
4775,9
4776,9
4777,5
4778,6
4779,9
4780,9
4781,9
4782,9
4783,5
4784,1
4785,9
4786,9
4787,9
4788,4
4789,15
4790,9
4791,8
4792,7
4793,9
4794,9
4795,3
4796,3
4797,9
4798,9
4799,9
4800,9
4801,9
4802,16
4803,9
4804,9
4805,9
4806,9
4807,9
4808,9
4809,9
4810,2
4811,2
4812,9
4813,9
4814,9
4815,2
4816,15
4817,16
4818,9
4819,9
4820,9
4821,0
4822,4
4823,9
4824,9
4825,9
4826,2
4827,8
4828,15
4829,9
4830,10
4831,9
4832,9
4833,1
4834,9
4835,10
4836,9
4837,9
4838,15
4839,9
4840,9
4841,9
4842,3
4843,9
4844,10
4845,11
4846,14
4847,9
4848,13
4849,9
4850,0
4851,9
4852,9
4853,4
4854,9
4855,9
4856,4
4857,8
4858,10
4859,9
4860,9
4861,9
4862,3
4863,9
4864,9
4865,9
4866,13
4867,9
4868,9
4869,9
4870,9
4871,9
4872,9
4873,9
4874,14
4875,9
4876,9
4877,9
4878,9
4879,9
4880,2
4881,9
4882,9
4883,8
4884,9
4885,9
4886,1
4887,16
4888,4
4889,15
4890,3
4891,0
4892,13
4893,9
4894,7
4895,9
4896,4
4897,9
4898,9
4899,4
4900,12
4901,9
4902,9
4903,2
4904,10
4905,16
4906,8
4907,9
4908,9
4909,11
4910,12
4911,9
4912,9
4913,9
4914,0
4915,9
4916,9
4917,0
4918,13
4919,15
4920,15
4921,9
4922,9
4923,9
4924,12
4925,9
4926,9
4927,15
4928,9
4929,9
4930,4
4931,8
4932,9
4933,1
4934,14
4935,7
4936,9
4937,9
4938,8
4939,13
4940,9
4941,7
4942,9
4943,16
4944,9
4945,9
4946,9
4947,9
4948,9
4949,9
4950,12
4951,9
4952,9
4953,13
4954,9
4955,2
4956,10
4957,9
4958,15
4959,9
4960,9
4961,9
4962,9
4963,9
4964,17
4965,9
4966,6
4967,0
4968,6
4969,4
4970,9
4971,10
4972,9
4973,9
4974,5
4975,9
4976,9
4977,7
4978,9
4979,5
4980,4
4981,9
4982,5
4983,9
4984,16
4985,14
4986,15
4987,9
4988,14
4989,5
4990,9
4991,9
4992,7
4993,8
4994,9
4995,9
4996,13
4997,7
4998,4
4999,9
5000,9
5001,9
5002,9
5003,3
5004,9
5005,1
5006,9
5007,11
5008,2
5009,9
5010,7
5011,9
5012,9
5013,9
5014,9
5015,9
5016,9
5017,9
5018,9
5019,9
5020,9
5021,9
5022,9
5023,9
5024,2
5025,9
5026,9
5027,9
5028,6
5029,1
5030,0
5031,9
5032,10
5033,9
5034,7
5035,9
5036,3
5037,9
5038,12
5039,18
5040,1
5041,16
5042,9
5043,0
5044,9
5045,0
5046,9
5047,9
5048,1
5049,9
5050,9
5051,9
5052,9
5053,15
5054,6
5055,14
5056,9
5057,5
5058,9
5059,0
5060,9
5061,14
5062,6
5063,2
5064,8
5065,9
5066,4
5067,5
5068,9
5069,9
5070,4
5071,9
5072,9
5073,9
5074,7
5075,9
5076,9
5077,13
5078,9
5079,9
5080,14
5081,2
5082,1
5083,9
5084,6
5085,1
5086,8
5087,9
5088,9
5089,16
5090,2
5091,1
5092,2
5093,9
5094,9
5095,9
5096,9
5097,9
5098,9
5099,9
5100,9
5101,14
5102,18
5103,11
5104,16
5105,9
5106,12
5107,5
5108,11
5109,8
5110,9
5111,3
5112,9
5113,6
5114,9
5115,6
5116,11
5117,9
5118,9
5119,9
5120,9
5121,0
5122,9
5123,9
5124,14
5125,9
5126,9
5127,9
5128,16
5129,14
5130,9
5131,9
5132,9
5133,10
5134,9
5135,3
5136,8
5137,9
5138,9
5139,8
5140,9
5141,6
5142,9
5143,9
5144,7
5145,9
5146,1
5147,9
5148,9
5149,9
5150,6
5151,9
5152,9
5153,9
5154,9
5155,1
5156,9
5157,7
5158,16
5159,15
5160,5
5161,9
5162,9
5163,13
5164,9
5165,9
5166,9
5167,9
5168,9
5169,5
5170,13
5171,0
5172,16
5173,9
5174,9
5175,9
5176,8
5177,9
5178,9
5179,9
5180,9
5181,15
5182,15
5183,10
5184,9
5185,9
5186,15
5187,9
5188,8
5189,1
5190,12
5191,13
5192,1
5193,9
5194,9
5195,9
5196,9
5197,9
5198,9
5199,9
5200,17
5201,10
5202,1
5203,3
5204,9
5205,9
5206,0
5207,15
5208,9
5209,9
5210,9
5211,9
5212,5
5213,0
5214,1
5215,9
5216,12
5217,3
5218,4
5219,6
5220,9
5221,9
5222,9
5223,6
5224,4
5225,9
5226,9
5227,9
5228,4
5229,15
5230,2
5231,9
5232,15
5233,5
5234,15
5235,7
5236,2
5237,15
5238,9
5239,9
5240,4
5241,7
5242,11
5243,9
5244,9
5245,1
5246,16
5247,9
5248,10
5249,3
5250,9
5251,13
5252,9
5253,9
5254,8
5255,9
5256,9
5257,9
5258,9
5259,4
5260,11
5261,9
5262,10
5263,9
5264,2
5265,18
5266,18
5267,9
5268,9
5269,9
5270,11
5271,9
5272,9
5273,9
5274,0
5275,0
5276,9
5277,9
5278,5
5279,9
5280,7
5281,9
5282,10
5283,18
5284,9
5285,7
5286,2
5287,13
5288,0
5289,3
5290,2
5291,4
5292,4
5293,2
5294,0
5295,9
5296,9
5297,9
5298,9
5299,9
5300,6
5301,9
5302,9
5303,0
5304,9
5305,2
5306,18
5307,15
5308,9
5309,1
5310,9
5311,9
5312,9
5313,13
5314,9
5315,9
5316,7
5317,9
5318,9
5319,9
5320,9
5321,9
5322,9
5323,3
5324,7
5325,0
5326,9
5327,9
5328,9
5329,9
5330,7
5331,9
5332,18
5333,9
5334,9
5335,9
5336,5
5337,9
5338,9
5339,9
5340,2
5341,9
5342,5
5343,9
5344,5
5345,6
5346,18
5347,9
5348,9
5349,9
5350,14
5351,9
5352,0
5353,9
5354,9
5355,10
5356,16
5357,9
5358,9
5359,15
5360,8
5361,10
5362,9
5363,5
5364,1
5365,2
5366,15
5367,15
5368,9
5369,12
5370,0
5371,2
5372,0
5373,3
5374,9
5375,6
5376,6
5377,6
5378,9
5379,9
5380,11
5381,9
5382,9
5383,9
5384,9
5385,9
5386,9
5387,8
5388,9
5389,9
5390,15
5391,3
5392,4
5393,9
5394,9
5395,18
5396,0
5397,9
5398,5
5399,9
5400,9
5401,9
5402,9
5403,9
5404,9
5405,9
5406,10
5407,9
5408,15
5409,5
5410,14
5411,9
5412,1
5413,9
5414,9
5415,10
5416,9
5417,2
5418,3
5419,10
5420,4
5421,15
5422,9
5423,9
5424,9
5425,0
5426,9
5427,9
5428,16
5429,9
5430,9
5431,7
5432,9
5433,8
5434,9
5435,0
5436,2
5437,13
5438,17
5439,9
5440,9
5441,9
5442,8
5443,9
5444,9
5445,9
5446,15
5447,0
5448,9
5449,9
5450,9
5451,6
5452,17
5453,9
5454,10
5455,9
5456,4
5457,9
5458,9
5459,9
5460,8
5461,7
5462,1
5463,9
5464,6
5465,9
5466,9
5467,5
5468,2
5469,9
5470,9
5471,9
5472,5
5473,13
5474,9
5475,6
5476,9
5477,8
5478,1
5479,9
5480,4
5481,1
5482,0
5483,9
5484,9
5485,17
5486,7
5487,9
5488,6
5489,9
5490,18
5491,9
5492,2
5493,0
5494,9
5495,5
5496,9
5497,16
5498,3
5499,9
5500,9
5501,6
5502,9
5503,9
5504,1
5505,9
5506,9
5507,9
5508,9
5509,9
5510,15
5511,17
5512,9
5513,9
5514,9
5515,10
5516,2
5517,9
5518,16
5519,9
5520,9
5521,9
5522,9
5523,9
5524,9
5525,9
5526,9
5527,15
5528,2
5529,9
5530,9
5531,9
5532,9
5533,2
5534,4
5535,9
5536,13
5537,8
5538,9
5539,9
5540,9
5541,9
5542,9
5543,5
5544,12
5545,16
5546,9
5547,9
5548,9
5549,9
5550,9
5551,2
5552,9
5553,16
5554,9
5555,7
5556,16
5557,9
5558,9
5559,9
5560,9
5561,5
5562,9
5563,13
5564,3
5565,0
5566,9
5567,9
5568,7
5569,9
5570,9
5571,2
5572,9
5573,9
5574,9
5575,10
5576,9
5577,11
5578,9
5579,9
5580,13
5581,9
5582,10
5583,11
5584,9
5585,9
5586,9
5587,9
5588,9
5589,9
5590,9
5591,14
5592,9
5593,8
5594,9
5595,9
5596,9
5597,2
5598,1
5599,9
5600,15
5601,9
5602,9
5603,9
5604,1
5605,9
5606,9
5607,12
5608,9
5609,9
5610,9
5611,9
5612,5
5613,9
5614,9
5615,11
5616,9
5617,9
5618,9
5619,9
5620,9
5621,3
5622,3
5623,8
5624,9
5625,9
5626,9
5627,0
5628,6
5629,9
5630,0
5631,5
5632,9
5633,18
5634,3
5635,17
5636,9
5637,6
5638,9
5639,9
5640,9
5641,5
5642,9
5643,0
5644,9
5645,12
5646,9
5647,9
5648,18
5649,9
5650,9
5651,9
5652,9
5653,9
5654,9
5655,9
5656,9
5657,9
5658,9
5659,9
5660,9
5661,3
5662,16
5663,9
5664,9
5665,9
5666,4
5667,9
5668,1
5669,4
5670,9
5671,0
5672,9
5673,9
5674,12
5675,13
5676,1
5677,9
5678,9
5679,14
5680,17
5681,9
5682,9
5683,16
5684,3
5685,9
5686,9
5687,9
5688,5
5689,9
5690,9
5691,0
5692,3
5693,9
5694,9
5695,13
5696,6
5697,9
5698,13
5699,8
5700,2
5701,9
5702,10
5703,13
5704,9
5705,8
5706,9
5707,9
5708,9
5709,15
5710,9
5711,2
5712,14
5713,11
5714,3
5715,12
5716,9
5717,9
5718,9
5719,9
5720,1
5721,1
5722,5
5723,12
5724,9
5725,10
5726,9
5727,9
5728,9
5729,9
5730,9
5731,10
5732,15
5733,0
5734,9
5735,9
5736,9
5737,6
5738,9
5739,0
5740,3
5741,11
5742,2
5743,4
5744,9
5745,9
5746,9
5747,9
5748,0
5749,2
5750,9
5751,9
5752,9
5753,17
5754,9
5755,18
5756,10
5757,9
5758,2
5759,9
5760,9
5761,9
5762,9
5763,15
5764,9
5765,0
5766,9
5767,9
5768,9
5769,17
5770,9
5771,9
5772,9
5773,9
5774,5
5775,9
5776,13
5777,9
5778,13
5779,18
5780,5
5781,18
5782,9
5783,2
5784,9
5785,9
5786,9
5787,11
5788,7
5789,9
5790,9
5791,9
5792,9
5793,9
5794,2
5795,9
5796,9
5797,9
5798,5
5799,2
5800,9
5801,3
5802,9
5803,9
5804,12
5805,9
5806,12
5807,9
5808,9
5809,9
5810,9
5811,17
5812,2
5813,9
5814,5
5815,13
5816,9
5817,9
5818,9
5819,16
5820,2
5821,9
5822,4
5823,3
5824,2
5825,5
5826,9
5827,9
5828,9
5829,9
5830,9
5831,9
5832,1
5833,0
5834,13
5835,15
5836,9
5837,9
5838,7
5839,10
5840,9
5841,12
5842,18
5843,9
5844,9
5845,9
5846,9
5847,9
5848,9
5849,8
5850,9
5851,1
5852,18
5853,6
5854,9
5855,9
5856,5
5857,9
5858,9
5859,0
5860,2
5861,9
5862,9
5863,4
5864,9
5865,14
5866,5
5867,11
5868,9
5869,9
5870,6
5871,9
5872,18
5873,9
5874,12
5875,6
5876,9
5877,9
5878,2
5879,9
5880,6
5881,5
5882,9
5883,5
5884,7
5885,16
5886,9
5887,13
5888,8
5889,5
5890,9
5891,2
5892,3
5893,9
5894,13
5895,9
5896,9
5897,9
5898,18
5899,9
5900,9
5901,9
5902,9
5903,9
5904,12
5905,2
5906,1
5907,7
5908,9
5909,14
5910,11
5911,9
5912,9
5913,9
5914,10
5915,7
5916,9
5917,3
5918,9
5919,0
5920,9
5921,9
5922,16
5923,9
5924,9
5925,9
5926,5
5927,8
5928,3
5929,9
5930,2
5931,17
5932,2
5933,1
5934,9
5935,9
5936,9
5937,9
5938,9
5939,9
5940,13
5941,9
5942,0
5943,9
5944,0
5945,8
5946,0
5947,9
5948,11
5949,9
5950,1
5951,9
5952,9
5953,9
5954,9
5955,16
5956,9
5957,9
5958,9
5959,5
5960,11
5961,9
5962,9
5963,13
5964,3
5965,7
5966,9
5967,14
5968,2
5969,1
5970,9
5971,9
5972,13
5973,16
5974,14
5975,10
5976,9
5977,9
5978,9
5979,9
5980,10
5981,13
5982,9
5983,9
5984,9
5985,9
5986,3
5987,11
5988,9
5989,9
5990,4
5991,9
5992,15
5993,9
5994,9
5995,10
5996,13
5997,9
5998,9
5999,13
6000,2
6001,6
6002,11
6003,8
6004,9
6005,13
6006,9
6007,9
6008,11
6009,6
6010,12
6011,14
6012,9
6013,9
6014,11
6015,9
6016,9
6017,8
6018,13
6019,0
6020,9
6021,9
6022,0
6023,9
6024,9
6025,9
6026,6
6027,9
6028,7
6029,9
6030,1
6031,9
6032,9
6033,9
6034,6
6035,9
6036,9
6037,16
6038,9
6039,9
6040,5
6041,9
6042,9
6043,9
6044,9
6045,9
6046,9
6047,9
6048,9
6049,5
6050,9
6051,5
6052,9
6053,9
6054,9
6055,9
6056,7
6057,0
6058,9
6059,9
6060,9
6061,7
6062,1
6063,11
6064,9
6065,15
6066,9
6067,9
6068,9
6069,5
6070,4
6071,13
6072,9
6073,9
6074,9
6075,16
6076,1
6077,3
6078,3
6079,9
6080,17
6081,2
6082,9
6083,3
6084,1
6085,9
6086,9
6087,9
6088,7
6089,9
6090,9
6091,9
6092,9
6093,4
6094,9
6095,5
6096,9
6097,9
6098,9
6099,9
6100,13
6101,9
6102,14
6103,2
6104,0
6105,4
6106,0
6107,9
6108,10
6109,9
6110,9
6111,9
6112,9
6113,9
6114,1
6115,6
6116,6
6117,9
6118,9
6119,10
6120,5
6121,9
6122,9
6123,2
6124,9
6125,9
6126,2
6127,9
6128,10
6129,9
6130,9
6131,2
6132,0
6133,9
6134,15
6135,16
6136,16
6137,9
6138,9
6139,18
6140,6
6141,0
6142,5
6143,9
6144,9
6145,9
6146,1
6147,9
6148,13
6149,9
6150,12
6151,9
6152,9
6153,17
6154,11
6155,9
6156,14
6157,16
6158,15
6159,9
6160,9
6161,9
6162,18
6163,2
6164,7
6165,16
6166,9
6167,9
6168,9
6169,9
6170,13
6171,3
6172,9
6173,9
6174,9
6175,9
6176,9
6177,16
6178,9
6179,9
6180,16
6181,9
6182,8
6183,12
6184,2
6185,9
6186,8
6187,9
6188,11
6189,3
6190,11
6191,9
6192,9
6193,9
6194,1
6195,9
6196,9
6197,9
6198,5
6199,9
6200,9
6201,9
6202,9
6203,2
6204,9
6205,9
6206,9
6207,9
6208,9
6209,9
6210,9
6211,13
6212,0
6213,6
6214,5
6215,9
6216,15
6217,9
6218,9
6219,9
6220,9
6221,0
6222,9
6223,9
6224,12
6225,9
6226,9
6227,9
6228,9
6229,9
6230,9
6231,12
6232,17
6233,9
6234,9
6235,13
6236,14
6237,3
6238,2
6239,9
6240,14
6241,9
6242,4
6243,3
6244,7
6245,11
6246,1
6247,2
6248,9
6249,9
6250,9
6251,9
6252,9
6253,0
6254,9
6255,4
6256,8
6257,10
6258,11
6259,8
6260,9
6261,9
6262,5
6263,15
6264,9
6265,2
6266,1
6267,18
6268,9
6269,9
6270,9
6271,11
6272,9
6273,5
6274,9
6275,9
6276,9
6277,9
6278,9
6279,12
6280,6
6281,9
6282,9
6283,4
6284,9
6285,8
6286,13
6287,9
6288,5
6289,9
6290,9
6291,9
6292,9
6293,1
6294,9
6295,11
6296,9
6297,9
6298,9
6299,9
6300,13
6301,3
6302,9
6303,12
6304,0
6305,9
6306,9
6307,15
6308,9
6309,9
6310,9
6311,9
6312,9
6313,9
6314,9
6315,6
6316,9
6317,9
6318,9
6319,9
6320,2
6321,9
6322,9
6323,3
6324,9
6325,9
6326,16
6327,9
6328,9
6329,10
6330,9
6331,9
6332,0
6333,9
6334,9
6335,6
6336,5
6337,2
6338,9
6339,14
6340,3
6341,7
6342,9
6343,9
6344,7
6345,6
6346,13
6347,3
6348,9
6349,9
6350,9
6351,9
6352,9
6353,16
6354,9
6355,9
6356,9
6357,8
6358,9
6359,5
6360,7
6361,11
6362,6
6363,9
6364,9
6365,9
6366,0
6367,9
6368,9
6369,9
6370,9
6371,9
6372,9
6373,6
6374,9
6375,6
6376,3
6377,5
6378,9
6379,9
6380,9
6381,9
6382,9
6383,7
6384,12
6385,9
6386,1
6387,0
6388,8
6389,9
6390,9
6391,11
6392,18
6393,4
6394,9
6395,9
6396,9
6397,9
6398,18
6399,11
6400,9
6401,9
6402,9
6403,12
6404,9
6405,9
6406,8
6407,9
6408,7
6409,9
6410,9
6411,1
6412,9
6413,9
6414,13
6415,9
6416,16
6417,9
6418,2
6419,9
6420,9
6421,9
6422,5
6423,9
6424,9
6425,6
6426,9
6427,9
6428,4
6429,8
6430,16
6431,10
6432,1
6433,9
6434,9
6435,6
6436,9
6437,14
6438,8
6439,0
6440,3
6441,9
6442,9
6443,5
6444,0
6445,9
6446,9
6447,9
6448,5
6449,9
6450,9
6451,9
6452,9
6453,11
6454,9
6455,9
6456,9
6457,9
6458,8
6459,9
6460,7
6461,9
6462,9
6463,12
6464,4
6465,14
6466,18
6467,7
6468,9
6469,14
6470,9
6471,9
6472,9
6473,4
6474,9
6475,7
6476,9
6477,9
6478,9
6479,15
6480,14
6481,9
6482,2
6483,7
6484,9
6485,9
6486,4
6487,6
6488,16
6489,5
6490,9
6491,9
6492,0
6493,9
6494,9
6495,9
6496,9
6497,8
6498,9
6499,16
6500,2
6501,6
6502,9
6503,15
6504,11
6505,9
6506,9
6507,3
6508,9
6509,0
6510,9
6511,0
6512,4
6513,2
6514,9
6515,9
6516,9
6517,2
6518,12
6519,9
6520,9
6521,9
6522,9
6523,15
6524,9
6525,9
6526,0
6527,9
6528,9
6529,9
6530,9
6531,13
6532,2
6533,9
6534,5
6535,9
6536,9
6537,0
6538,9
6539,9
6540,12
6541,9
6542,9
6543,9
6544,13
6545,9
6546,6
6547,3
6548,2
6549,12
6550,17
6551,6
6552,9
6553,9
6554,2
6555,9
6556,10
6557,0
6558,9
6559,11
6560,4
6561,1
6562,9
6563,9
6564,9
6565,9
6566,16
6567,14
6568,9
6569,16
6570,9
6571,2
6572,9
6573,9
6574,14
6575,13
6576,16
6577,9
6578,9
6579,9
6580,6
6581,8
6582,9
6583,3
6584,4
6585,16
6586,9
6587,17
6588,9
6589,4
6590,4
6591,9
6592,11
6593,9
6594,9
6595,9
6596,9
6597,9
6598,11
6599,5
6600,9
6601,9
6602,9
6603,17
6604,2
6605,7
6606,9
6607,12
6608,5
6609,9
6610,9
6611,9
6612,10
6613,10
6614,6
6615,12
6616,1
6617,16
6618,9
6619,9
6620,9
6621,9
6622,2
6623,10
6624,9
6625,9
6626,1
6627,0
6628,9
6629,2
6630,1
6631,9
6632,9
6633,9
6634,9
6635,9
6636,9
6637,16
6638,3
6639,9
6640,9
6641,9
6642,2
6643,3
6644,5
6645,9
6646,6
6647,1
6648,15
6649,9
6650,9
6651,3
6652,9
6653,3
6654,9
6655,9
6656,9
6657,9
6658,1
6659,9
6660,9
6661,4
6662,13
6663,9
6664,5
6665,14
6666,9
6667,9
6668,0
6669,2
6670,15
6671,9
6672,9
6673,9
6674,9
6675,5
6676,9
6677,9
6678,9
6679,9
6680,9
6681,7
6682,4
6683,9
6684,9
6685,0
6686,17
6687,9
6688,9
6689,9
6690,7
6691,15
6692,9
6693,9
6694,12
6695,2
6696,9
6697,9
6698,0
6699,10
6700,9
6701,16
6702,3
6703,9
6704,9
6705,9
6706,9
6707,9
6708,9
6709,9
6710,2
6711,8
6712,11
6713,9
6714,9
6715,9
6716,9
6717,9
6718,12
6719,4
6720,13
6721,9
6722,4
6723,10
6724,9
6725,2
6726,7
6727,9
6728,9
6729,9
6730,9
6731,7
6732,9
6733,9
6734,9
6735,9
6736,9
6737,9
6738,9
6739,5
6740,9
6741,9
6742,6
6743,9
6744,15
6745,9
6746,9
6747,9
6748,7
6749,9
6750,2
6751,1
6752,4
6753,2
6754,5
6755,9
6756,12
6757,9
6758,9
6759,6
6760,18
6761,9
6762,2
6763,9
6764,11
6765,3
6766,9
6767,9
6768,9
6769,9
6770,7
6771,10
6772,9
6773,9
6774,9
6775,9
6776,1
6777,9
6778,9
6779,16
6780,9
6781,9
6782,4
6783,9
6784,1
6785,14
6786,9
6787,11
6788,9
6789,9
6790,6
6791,9
6792,15
6793,9
6794,9
6795,16
6796,9
6797,9
6798,9
6799,9
6800,9
6801,7
6802,9
6803,9
6804,4
6805,9
6806,0
6807,7
6808,9
6809,9
6810,9
6811,6
6812,12
6813,9
6814,9
6815,16
6816,9
6817,9
6818,7
6819,18
6820,9
6821,6
6822,2
6823,10
6824,2
6825,9
6826,15
6827,7
6828,15
6829,9
6830,9
6831,10
6832,9
6833,10
6834,10
6835,9
6836,7
6837,9
6838,9
6839,9
6840,9
6841,9
6842,2
6843,0
6844,9
6845,8
6846,9
6847,9
6848,3
6849,4
6850,9
6851,9
6852,9
6853,9
6854,9
6855,9
6856,9
6857,6
6858,6
6859,9
6860,9
6861,18
6862,9
6863,16
6864,9
6865,9
6866,9
6867,9
6868,5
6869,9
6870,9
6871,16
6872,9
6873,9
6874,1
6875,9
6876,9
6877,9
6878,9
6879,2
6880,9
6881,9
6882,13
6883,9
6884,9
6885,18
6886,9
6887,11
6888,2
6889,9
6890,1
6891,9
6892,4
6893,9
6894,11
6895,9
6896,15
6897,16
6898,15
6899,9
6900,16
6901,4
6902,7
6903,9
6904,9
6905,1
6906,9
6907,3
6908,9
6909,8
6910,9
6911,13
6912,9
6913,9
6914,9
6915,9
6916,0
6917,1
6918,6
6919,9
6920,9
6921,9
6922,9
6923,18
6924,9
6925,18
6926,15
6927,17
6928,7
6929,3
6930,9
6931,7
6932,9
6933,7
6934,9
6935,11
6936,9
6937,9
6938,9
6939,9
6940,4
6941,13
6942,9
6943,5
6944,13
6945,9
6946,9
6947,9
6948,15
6949,5
6950,7
6951,2
6952,9
6953,18
6954,9
6955,1
6956,9
6957,9
6958,9
6959,9
6960,9
6961,8
6962,9
6963,9
6964,4
6965,3
6966,13
6967,9
6968,10
6969,5
6970,9
6971,1
6972,16
6973,5
6974,7
6975,5
6976,12
6977,5
6978,15
6979,8
6980,9
6981,9
6982,0
6983,9
6984,9
6985,9
6986,12
6987,9
6988,9
6989,9
6990,9
6991,3
6992,6
6993,9
6994,9
6995,9
6996,12
6997,9
6998,9
6999,3
7000,17
7001,9
7002,9
7003,5
7004,9
7005,8
7006,9
7007,9
7008,9
7009,5
7010,3
7011,9
7012,9
7013,9
7014,9
7015,2
7016,11
7017,9
7018,9
7019,9
7020,9
7021,9
7022,9
7023,9
7024,9
7025,9
7026,1
7027,9
7028,0
7029,9
7030,9
7031,3
7032,4
7033,14
7034,9
7035,9
7036,9
7037,9
7038,9
7039,9
7040,9
7041,16
7042,5
7043,9
7044,9
7045,14
7046,1
7047,10
7048,15
7049,4
7050,12
7051,7
7052,10
7053,4
7054,9
7055,9
7056,14
7057,5
7058,9
7059,9
7060,12
7061,2
7062,15
7063,11
7064,12
7065,9
7066,16
7067,9
7068,9
7069,15
7070,9
7071,6
7072,4
7073,16
7074,2
7075,9
7076,9
7077,0
7078,9
7079,2
7080,9
7081,16
7082,9
7083,5
7084,6
7085,9
7086,9
7087,9
7088,6
7089,9
7090,9
7091,2
7092,9
7093,9
7094,3
7095,9
7096,9
7097,5
7098,9
7099,12
7100,12
7101,9
7102,10
7103,14
7104,9
7105,7
7106,11
7107,9
7108,1
7109,5
7110,9
7111,12
7112,8
7113,6
7114,7
7115,1
7116,6
7117,15
7118,0
7119,9
7120,6
7121,8
7122,11
7123,16
7124,9
7125,8
7126,9
7127,9
7128,9
7129,9
7130,13
7131,9
7132,17
7133,9
7134,9
7135,9
7136,9
7137,14
7138,9
7139,10
7140,12
7141,11
7142,9
7143,14
7144,12
7145,9
7146,10
7147,9
7148,4
7149,9
7150,16
7151,13
7152,9
7153,2
7154,3
7155,6
7156,9
7157,9
7158,14
7159,9
7160,9
7161,9
7162,17
7163,2
7164,9
7165,9
7166,7
7167,7
7168,9
7169,17
7170,9
7171,9
7172,9
7173,14
7174,9
7175,9
7176,12
7177,3
7178,9
7179,18
7180,2
7181,9
7182,11
7183,9
7184,9
7185,8
7186,2
7187,9
7188,9
7189,10
7190,9
7191,12
7192,6
7193,6
7194,9
7195,9
7196,9
7197,7
7198,9
7199,9
7200,9
7201,9
7202,9
7203,7
7204,5
7205,9
7206,9
7207,9
7208,5
7209,12
7210,9
7211,5
7212,16
7213,9
7214,9
7215,9
7216,9
7217,9
7218,9
7219,15
7220,1
7221,6
7222,3
7223,9
7224,9
7225,14
7226,9
7227,3
7228,7
7229,9
7230,9
7231,9
7232,9
7233,9
7234,5
7235,9
7236,6
7237,9
7238,1
7239,13
7240,1
7241,9
7242,9
7243,13
7244,13
7245,9
7246,9
7247,13
7248,9
7249,9
7250,9
7251,5
7252,9
7253,1
7254,9
7255,9
7256,2
7257,0
7258,9
7259,0
7260,9
7261,9
7262,9
7263,9
7264,14
7265,7
7266,9
7267,6
7268,9
7269,9
7270,1
7271,9
7272,16
7273,9
7274,9
7275,9
7276,3
7277,6
7278,9
7279,9
7280,9
7281,9
7282,9
7283,9
7284,0
7285,9
7286,9
7287,16
7288,9
7289,4
7290,18
7291,9
7292,0
7293,2
7294,9
7295,9
7296,9
7297,2
7298,3
7299,12
7300,9
7301,9
7302,17
7303,9
7304,6
7305,9
7306,9
7307,9
7308,9
7309,13
7310,9
7311,9
7312,2
7313,9
7314,5
7315,9
7316,0
7317,9
7318,9
7319,6
7320,9
7321,9
7322,9
7323,9
7324,9
7325,9
7326,1
7327,9
7328,9
7329,9
7330,9
7331,9
7332,0
7333,9
7334,9
7335,10
7336,9
7337,9
7338,9
7339,9
7340,7
7341,9
7342,10
7343,9
7344,9
7345,9
7346,9
7347,9
7348,9
7349,3
7350,3
7351,9
7352,9
7353,9
7354,11
7355,4
7356,9
7357,9
7358,9
7359,15
7360,12
7361,16
7362,14
7363,7
7364,9
7365,8
7366,9
7367,9
7368,9
7369,1
7370,3
7371,9
7372,0
7373,2
7374,9
7375,8
7376,0
7377,2
7378,9
7379,9
7380,9
7381,1
7382,9
7383,9
7384,13
7385,9
7386,0
7387,9
7388,9
7389,9
7390,8
7391,9
7392,9
7393,9
7394,9
7395,15
7396,9
7397,9
7398,9
7399,9
7400,9
7401,10
7402,0
7403,9
7404,9
7405,9
7406,15
7407,9
7408,7
7409,9
7410,9
7411,17
7412,9
7413,2
7414,9
7415,9
7416,9
7417,9
7418,9
7419,0
7420,9
7421,9
7422,9
7423,9
7424,9
7425,5
7426,9
7427,9
7428,9
7429,9
7430,9
7431,9
7432,10
7433,10
7434,5
7435,7
7436,9
7437,18
7438,2
7439,2
7440,5
7441,7
7442,9
7443,10
7444,9
7445,9
7446,13
7447,6
7448,9
7449,0
7450,3
7451,9
7452,9
7453,16
7454,9
7455,9
7456,5
7457,9
7458,9
7459,13
7460,9
7461,9
7462,9
7463,12
7464,9
7465,3
7466,3
7467,15
7468,9
7469,2
7470,9
7471,9
7472,9
7473,9
7474,16
7475,9
7476,0
7477,10
7478,6
7479,15
7480,9
7481,9
7482,9
7483,9
7484,9
7485,9
7486,6
7487,7
7488,9
7489,9
7490,9
7491,9
7492,16
7493,9
7494,16
7495,9
7496,16
7497,9
7498,7
7499,9
7500,18
7501,14
7502,9
7503,9
7504,10
7505,15
7506,8
7507,10
7508,9
7509,9
7510,9
7511,9
7512,6
7513,9
7514,9
7515,9
7516,9
7517,9
7518,9
7519,10
7520,9
7521,9
7522,9
7523,14
7524,15
7525,9
7526,9
7527,14
7528,9
7529,9
7530,8
7531,9
7532,5
7533,0
7534,9
7535,9
7536,9
7537,9
7538,9
7539,11
7540,9
7541,9
7542,9
7543,9
7544,0
7545,9
7546,9
7547,9
7548,0
7549,9
7550,17
7551,9
7552,9
7553,5
7554,9
7555,12
7556,9
7557,9
7558,2
7559,9
7560,9
7561,9
7562,9
7563,9
7564,3
7565,9
7566,9
7567,8
7568,9
7569,9
7570,9
7571,7
7572,14
7573,11
7574,3
7575,9
7576,15
7577,9
7578,6
7579,0
7580,9
7581,5
7582,9
7583,9
7584,4
7585,2
7586,9
7587,8
7588,13
7589,9
7590,9
7591,9
7592,9
7593,9
7594,9
7595,9
7596,18
7597,9
7598,7
7599,2
7600,14
7601,10
7602,16
7603,8
7604,14
7605,10
7606,9
7607,9
7608,9
7609,10
7610,9
7611,6
7612,9
7613,9
7614,9
7615,0
7616,18
7617,10
7618,9
7619,9
7620,9
7621,1
7622,9
7623,11
7624,9
7625,3
7626,9
7627,10
7628,12
7629,9
7630,0
7631,9
7632,9
7633,9
7634,9
7635,9
7636,9
7637,9
7638,8
7639,9
7640,2
7641,9
7642,9
7643,12
7644,9
7645,9
7646,9
7647,9
7648,6
7649,9
7650,15
7651,9
7652,15
7653,9
7654,3
7655,9
7656,2
7657,16
7658,1
7659,9
7660,0
7661,9
7662,9
7663,13
7664,4
7665,2
7666,5
7667,15
7668,9
7669,0
7670,6
7671,15
7672,9
7673,9
7674,0
7675,2
7676,5
7677,9
7678,9
7679,9
7680,9
7681,3
7682,17
7683,9
7684,9
7685,9
7686,9
7687,12
7688,9
7689,9
7690,9
7691,9
7692,16
7693,14
7694,9
7695,9
7696,9
7697,10
7698,6
7699,9
7700,9
7701,9
7702,9
7703,10
7704,12
7705,9
7706,4
7707,9
7708,9
7709,9
7710,9
7711,0
7712,9
7713,9
7714,9
7715,8
7716,9
7717,14
7718,9
7719,8
7720,4
7721,2
7722,14
7723,6
7724,17
7725,9
7726,9
7727,9
7728,7
7729,0
7730,9
7731,9
7732,11
7733,9
7734,16
7735,5
7736,8
7737,12
7738,12
7739,0
7740,9
7741,1
7742,9
7743,9
7744,10
7745,9
7746,4
7747,9
7748,9
7749,6
7750,9
7751,9
7752,9
7753,9
7754,9
7755,9
7756,16
7757,9
7758,9
7759,9
7760,9
7761,12
7762,9
7763,9
7764,9
7765,9
7766,9
7767,9
7768,9
7769,9
7770,9
7771,15
7772,2
7773,0
7774,10
7775,15
7776,9
7777,9
7778,9
7779,10
7780,9
7781,9
7782,8
7783,9
7784,2
7785,9
7786,9
7787,9
7788,9
7789,18
7790,9
7791,1
7792,7
7793,12
7794,9
7795,9
7796,6
7797,5
7798,9
7799,1
7800,9
7801,8
7802,9
7803,0
7804,9
7805,9
7806,14
7807,9
7808,16
7809,9
7810,0
7811,9
7812,5
7813,16
7814,9
7815,9
7816,8
7817,9
7818,10
7819,9
7820,9
7821,9
7822,9
7823,2
7824,16
7825,9
7826,9
7827,2
7828,9
7829,9
7830,7
7831,9
7832,4
7833,3
7834,13
7835,13
7836,9
7837,9
7838,6
7839,3
7840,9
7841,9
7842,9
7843,1
7844,9
7845,9
7846,9
7847,0
7848,11
7849,9
7850,14
7851,9
7852,16
7853,14
7854,5
7855,9
7856,9
7857,9
7858,16
7859,12
7860,8
7861,12
7862,9
7863,2
7864,9
7865,3
7866,4
7867,9
7868,9
7869,4
7870,11
7871,11
7872,9
7873,9
7874,9
7875,9
7876,10
7877,9
7878,1
7879,9
7880,9
7881,9
7882,9
7883,2
7884,9
7885,9
7886,9
7887,1
7888,9
7889,9
7890,1
7891,12
7892,5
7893,7
7894,9
7895,9
7896,13
7897,9
7898,7
7899,9
7900,1
7901,1
7902,9
7903,15
7904,9
7905,9
7906,0
7907,9
7908,6
7909,1
7910,17
7911,3
7912,9
7913,9
7914,9
7915,9
7916,9
7917,9
7918,10
7919,9
7920,5
7921,9
7922,9
7923,9
7924,9
7925,2
7926,9
7927,9
7928,9
7929,9
7930,9
7931,2
7932,3
7933,9
7934,9
7935,9
7936,2
7937,9
7938,9
7939,10
7940,9
7941,9
7942,8
7943,9
7944,9
7945,2
7946,9
7947,2
7948,6
7949,9
7950,9
7951,9
7952,13
7953,9
7954,6
7955,9
7956,6
7957,7
7958,9
7959,9
7960,2
7961,6
7962,9
7963,15
7964,9
7965,9
7966,2
7967,6
7968,9
7969,6
7970,9
7971,9
7972,9
7973,13
7974,9
7975,8
7976,7
7977,15
7978,10
7979,9
7980,9
7981,9
7982,7
7983,9
7984,5
7985,9
7986,9
7987,9
7988,9
7989,9
7990,15
7991,9
7992,9
7993,16
7994,9
7995,9
7996,8
7997,9
7998,9
7999,9
8000,16
8001,9
8002,9
8003,9
8004,10
8005,9
8006,12
8007,9
8008,9
8009,6
8010,9
8011,14
8012,9
8013,3
8014,5
8015,9
8016,7
8017,9
8018,9
8019,9
8020,9
8021,9
8022,9
8023,7
8024,9
8025,9
8026,2
8027,14
8028,9
8029,9
8030,9
8031,6
8032,16
8033,13
8034,6
8035,6
8036,0
8037,12
8038,9
8039,7
8040,9
8041,0
8042,9
8043,9
8044,9
8045,9
8046,9
8047,3
8048,9
8049,5
8050,4
8051,4
8052,12
8053,11
8054,15
8055,13
8056,12
8057,3
8058,16
8059,4
8060,0
8061,9
8062,9
8063,3
8064,9
8065,12
8066,9
8067,9
8068,9
8069,8
8070,3
8071,9
8072,9
8073,14
8074,16
8075,9
8076,2
8077,18
8078,6
8079,9
8080,2
8081,9
8082,16
8083,7
8084,9
8085,12
8086,9
8087,11
8088,9
8089,9
8090,7
8091,0
8092,9
8093,9
8094,18
8095,9
8096,9
8097,9
8098,9
8099,16
8100,9
8101,14
8102,9
8103,8
8104,9
8105,15
8106,5
8107,9
8108,13
8109,13
8110,1
8111,9
8112,9
8113,9
8114,9
8115,16
8116,9
8117,9
8118,13
8119,9
8120,9
8121,9
8122,6
8123,16
8124,3
8125,1
8126,9
8127,9
8128,2
8129,5
8130,2
8131,16
8132,13
8133,9
8134,13
8135,9
8136,7
8137,9
8138,7
8139,8
8140,9
8141,9
8142,9
8143,9
8144,9
8145,9
8146,9
8147,5
8148,9
8149,6
8150,9
8151,7
8152,2
8153,5
8154,9
8155,9
8156,3
8157,4
8158,9
8159,9
8160,9
8161,2
8162,9
8163,1
8164,9
8165,10
8166,9
8167,9
8168,15
8169,9
8170,9
8171,14
8172,0
8173,15
8174,9
8175,5
8176,16
8177,9
8178,6
8179,9
8180,7
8181,9
8182,9
8183,2
8184,5
8185,7
8186,9
8187,9
8188,12
8189,9
8190,0
8191,11
8192,7
8193,9
8194,0
8195,9
8196,9
8197,12
8198,9
8199,9
8200,9
8201,9
8202,18
8203,9
8204,9
8205,12
8206,9
8207,10
8208,10
8209,8
8210,14
8211,9
8212,10
8213,9
8214,9
8215,9
8216,3
8217,9
8218,11
8219,5
8220,9
8221,6
8222,15
8223,9
8224,11
8225,0
8226,9
8227,13
8228,9
8229,2
8230,17
8231,9
8232,9
8233,9
8234,2
8235,4
8236,9
8237,9
8238,16
8239,14
8240,8
8241,9
8242,13
8243,9
8244,9
8245,9
8246,1
8247,9
8248,6
8249,10
8250,0
8251,9
8252,9
8253,9
8254,12
8255,9
8256,8
8257,9
8258,9
8259,9
8260,12
8261,2
8262,9
8263,9
8264,9
8265,9
8266,9
8267,16
8268,5
8269,9
8270,15
8271,9
8272,9
8273,9
8274,7
8275,9
8276,9
8277,2
8278,1
8279,9
8280,15
8281,2
8282,16
8283,9
8284,9
8285,9
8286,9
8287,3
8288,9
8289,9
8290,1
8291,9
8292,12
8293,9
8294,9
8295,9
8296,18
8297,9
8298,9
8299,9
8300,5
8301,9
8302,9
8303,9
8304,14
8305,1
8306,9
8307,12
8308,9
8309,12
8310,16
8311,2
8312,9
8313,9
8314,9
8315,13
8316,6
8317,9
8318,9
8319,17
8320,17
8321,9
8322,9
8323,3
8324,13
8325,9
8326,8
8327,2
8328,9
8329,9
8330,17
8331,1
8332,14
8333,11
8334,8
8335,1
8336,2
8337,9
8338,9
8339,13
8340,8
8341,13
8342,0
8343,2
8344,9
8345,13
8346,9
8347,9
8348,9
8349,9
8350,9
8351,9
8352,9
8353,9
8354,9
8355,9
8356,9
8357,5
8358,17
8359,9
8360,9
8361,12
8362,9
8363,9
8364,9
8365,10
8366,2
8367,2
8368,4
8369,16
8370,16
8371,9
8372,9
8373,9
8374,8
8375,1
8376,7
8377,9
8378,9
8379,18
8380,9
8381,9
8382,12
8383,18
8384,9
8385,9
8386,0
8387,18
8388,9
8389,9
8390,4
8391,9
8392,3
8393,9
8394,10
8395,9
8396,3
8397,16
8398,14
8399,9
8400,4
8401,9
8402,9
8403,5
8404,9
8405,8
8406,8
8407,11
8408,9
8409,14
8410,9
8411,10
8412,9
8413,9
8414,16
8415,9
8416,9
8417,9
8418,9
8419,9
8420,16
8421,1
8422,9
8423,9
8424,12
8425,11
8426,9
8427,13
8428,12
8429,9
8430,3
8431,9
8432,14
8433,12
8434,9
8435,9
8436,9
8437,9
8438,11
8439,8
8440,0
8441,9
8442,9
8443,15
8444,15
8445,9
8446,7
8447,1
8448,5
8449,11
8450,16
8451,9
8452,9
8453,12
8454,10
8455,9
8456,9
8457,9
8458,9
8459,9
8460,9
8461,9
8462,14
8463,11
8464,9
8465,2
8466,17
8467,9
8468,5
8469,9
8470,9
8471,16
8472,13
8473,12
8474,9
8475,9
8476,9
8477,5
8478,4
8479,0
8480,5
8481,9
8482,9
8483,9
8484,9
8485,0
8486,9
8487,16
8488,0
8489,9
8490,9
8491,15
8492,9
8493,9
8494,5
8495,2
8496,9
8497,11
8498,0
8499,11
8500,9
8501,9
8502,9
8503,9
8504,9
8505,9
8506,5
8507,0
8508,9
8509,9
8510,14
8511,5
8512,0
8513,18
8514,7
8515,9
8516,9
8517,9
8518,9
8519,9
8520,0
8521,16
8522,9
8523,16
8524,9
8525,9
8526,9
8527,9
8528,18
8529,4
8530,12
8531,5
8532,1
8533,9
8534,2
8535,2
8536,9
8537,9
8538,9
8539,9
8540,9
8541,17
8542,2
8543,9
8544,0
8545,4
8546,12
8547,9
8548,4
8549,9
8550,15
8551,10
8552,9
8553,0
8554,4
8555,0
8556,9
8557,13
8558,15
8559,5
8560,5
8561,1
8562,9
8563,9
8564,9
8565,9
8566,18
8567,9
8568,9
8569,9
8570,13
8571,5
8572,9
8573,9
8574,9
8575,9
8576,11
8577,9
8578,9
8579,9
8580,3
8581,9
8582,8
8583,14
8584,9
8585,3
8586,2
8587,14
8588,9
8589,9
8590,5
8591,2
8592,9
8593,9
8594,6
8595,5
8596,9
8597,9
8598,5
8599,8
8600,15
8601,9
8602,5
8603,16
8604,9
8605,0
8606,9
8607,15
8608,2
8609,9
8610,9
8611,9
8612,9
8613,7
8614,10
8615,9
8616,15
8617,9
8618,9
8619,3
8620,9
8621,9
8622,2
8623,9
8624,9
8625,9
8626,17
8627,9
8628,13
8629,11
8630,14
8631,10
8632,9
8633,9
8634,4
8635,2
8636,12
8637,6
8638,14
8639,5
8640,9
8641,9
8642,14
8643,18
8644,2
8645,9
8646,10
8647,9
8648,9
8649,11
8650,9
8651,6
8652,15
8653,9
8654,5
8655,9
8656,9
8657,9
8658,1
8659,3
8660,15
8661,9
8662,12
8663,13
8664,9
8665,2
8666,3
8667,9
8668,6
8669,9
8670,13
8671,15
8672,1
8673,9
8674,6
8675,9
8676,9
8677,9
8678,9
8679,9
8680,3
8681,9
8682,8
8683,11
8684,9
8685,5
8686,9
8687,9
8688,9
8689,9
8690,9
8691,12
8692,2
8693,9
8694,9
8695,13
8696,4
8697,9
8698,3
8699,11
8700,7
8701,9
8702,9
8703,8
8704,2
8705,9
8706,13
8707,9
8708,5
8709,9
8710,13
8711,11
8712,14
8713,9
8714,9
8715,1
8716,15
8717,2
8718,9
8719,9
8720,9
8721,0
8722,9
8723,9
8724,9
8725,9
8726,9
8727,9
8728,15
8729,9
8730,4
8731,5
8732,8
8733,9
8734,9
8735,3
8736,9
8737,5
8738,13
8739,9
8740,9
8741,9
8742,4
8743,9
8744,9
8745,9
8746,9
8747,9
8748,3
8749,1
8750,9
8751,4
8752,9
8753,15
8754,9
8755,9
8756,11
8757,10
8758,5
8759,9
8760,9
8761,9
8762,7
8763,0
8764,11
8765,9
8766,2
8767,9
8768,9
8769,17
8770,10
8771,9
8772,13
8773,9
8774,9
8775,9
8776,9
8777,9
8778,4
8779,9
8780,9
8781,12
8782,9
8783,9
8784,13
8785,13
8786,9
8787,9
8788,9
8789,4
8790,9
8791,9
8792,13
8793,1
8794,9
8795,9
8796,9
8797,9
8798,9
8799,3
8800,9
8801,9
8802,3
8803,9
8804,16
8805,9
8806,1
8807,6
8808,9
8809,9
8810,9
8811,15
8812,16
8813,9
8814,9
8815,18
8816,1
8817,9
8818,11
8819,9
8820,10
8821,0
8822,5
8823,9
8824,3
8825,9
8826,10
8827,9
8828,4
8829,9
8830,9
8831,11
8832,9
8833,15
8834,16
8835,12
8836,11
8837,9
8838,9
8839,9
8840,9
8841,18
8842,15
8843,9
8844,9
8845,3
8846,1
8847,8
8848,9
8849,9
8850,10
8851,4
8852,5
8853,9
8854,6
8855,7
8856,16
8857,9
8858,9
8859,9
8860,4
8861,9
8862,4
8863,1
8864,2
8865,1
8866,9
8867,9
8868,9
8869,7
8870,12
8871,9
8872,9
8873,9
8874,8
8875,9
8876,9
8877,9
8878,16
8879,9
8880,9
8881,5
8882,9
8883,3
8884,0
8885,1
8886,9
8887,15
8888,11
8889,11
8890,14
8891,9
8892,4
8893,15
8894,10
8895,9
8896,9
8897,9
8898,12
8899,9
8900,1
8901,16
8902,9
8903,9
8904,9
8905,9
8906,0
8907,9
8908,5
8909,9
8910,9
8911,9
8912,9
8913,9
8914,13
8915,9
8916,16
8917,7
8918,9
8919,15
8920,9
8921,9
8922,6
8923,9
8924,17
8925,3
8926,5
8927,6
8928,9
8929,16
8930,9
8931,9
8932,2
8933,17
8934,9
8935,9
8936,10
8937,9
8938,9
8939,9
8940,9
8941,17
8942,9
8943,12
8944,3
8945,9
8946,9
8947,9
8948,6
8949,7
8950,6
8951,9
8952,9
8953,9
8954,4
8955,9
8956,1
8957,4
8958,9
8959,9
8960,9
8961,9
8962,9
8963,9
8964,9
8965,8
8966,1
8967,3
8968,9
8969,9
8970,9
8971,9
8972,2
8973,9
8974,8
8975,9
8976,9
8977,9
8978,5
8979,9
8980,2
8981,9
8982,9
8983,9
8984,9
8985,13
8986,9
8987,10
8988,9
8989,9
8990,9
8991,8
8992,9
8993,9
8994,9
8995,9
8996,9
8997,9
8998,9
8999,9
9000,9
9001,14
9002,3
9003,16
9004,10
9005,9
9006,9
9007,9
9008,9
9009,0
9010,9
9011,9
9012,0
9013,9
9014,16
9015,16
9016,9
9017,9
9018,9
9019,9
9020,1
9021,11
9022,17
9023,7
9024,9
9025,8
9026,2
9027,9
9028,9
9029,13
9030,9
9031,7
9032,9
9033,9
9034,9
9035,9
9036,9
9037,9
9038,9
9039,9
9040,3
9041,9
9042,0
9043,9
9044,9
9045,4
9046,9
9047,9
9048,9
9049,9
9050,11
9051,9
9052,15
9053,0
9054,2
9055,17
9056,13
9057,2
9058,8
9059,9
9060,9
9061,18
9062,9
9063,10
9064,5
9065,1
9066,9
9067,9
9068,9
9069,11
9070,9
9071,0
9072,9
9073,9
9074,9
9075,9
9076,9
9077,9
9078,9
9079,9
9080,9
9081,9
9082,0
9083,9
9084,11
9085,9
9086,9
9087,9
9088,9
9089,1
9090,9
9091,9
9092,9
9093,8
9094,9
9095,9
9096,9
9097,9
9098,9
9099,9
9100,6
9101,9
9102,9
9103,9
9104,9
9105,18
9106,7
9107,12
9108,16
9109,5
9110,9
9111,9
9112,3
9113,9
9114,3
9115,10
9116,12
9117,9
9118,9
9119,18
9120,9
9121,9
9122,9
9123,5
9124,9
9125,9
9126,9
9127,13
9128,9
9129,9
9130,9
9131,9
9132,12
9133,9
9134,1
9135,9
9136,15
9137,9
9138,2
9139,9
9140,9
9141,3
9142,10
9143,2
9144,9
9145,8
9146,0
9147,9
9148,9
9149,13
9150,9
9151,2
9152,9
9153,2
9154,9
9155,9
9156,9
9157,9
9158,8
9159,9
9160,1
9161,9
9162,15
9163,9
9164,1
9165,9
9166,8
9167,15
9168,3
9169,9
9170,15
9171,12
9172,13
9173,9
9174,3
9175,12
9176,9
9177,9
9178,9
9179,9
9180,0
9181,9
9182,9
9183,9
9184,15
9185,15
9186,1
9187,9
9188,13
9189,4
9190,12
9191,10
9192,9
9193,9
9194,9
9195,9
9196,9
9197,9
9198,4
9199,0
9200,10
9201,9
9202,1
9203,11
9204,13
9205,2
9206,9
9207,9
9208,9
9209,9
9210,9
9211,9
9212,9
9213,8
9214,12
9215,3
9216,9
9217,4
9218,9
9219,9
9220,9
9221,9
9222,11
9223,15
9224,9
9225,3
9226,7
9227,1
9228,9
9229,9
9230,9
9231,0
9232,17
9233,9
9234,5
9235,10
9236,9
9237,9
9238,9
9239,10
9240,6
9241,9
9242,9
9243,9
9244,9
9245,2
9246,9
9247,9
9248,1
9249,5
9250,9
9251,9
9252,3
9253,9
9254,5
9255,9
9256,13
9257,9
9258,13
9259,4
9260,0
9261,9
9262,16
9263,9
9264,8
9265,9
9266,13
9267,1
9268,13
9269,15
9270,9
9271,9
9272,1
9273,9
9274,16
9275,9
9276,7
9277,9
9278,18
9279,7
9280,15
9281,9
9282,14
9283,9
9284,7
9285,9
9286,16
9287,9
9288,16
9289,3
9290,4
9291,9
9292,9
9293,6
9294,18
9295,4
9296,9
9297,9
9298,0
9299,9
9300,14
9301,9
9302,2
9303,9
9304,10
9305,7
9306,16
9307,18
9308,9
9309,9
9310,9
9311,9
9312,9
9313,9
9314,9
9315,9
9316,9
9317,10
9318,9
9319,9
9320,3
9321,9
9322,7
9323,9
9324,15
9325,4
9326,9
9327,9
9328,9
9329,9
9330,9
9331,8
9332,8
9333,2
9334,9
9335,9
9336,2
9337,9
9338,13
9339,9
9340,9
9341,9
9342,12
9343,9
9344,9
9345,4
9346,14
9347,17
9348,9
9349,13
9350,9
9351,2
9352,5
9353,9
9354,9
9355,15
9356,1
9357,9
9358,9
9359,9
9360,9
9361,9
9362,2
9363,6
9364,3
9365,9
9366,5
9367,15
9368,5
9369,9
9370,9
9371,9
9372,9
9373,9
9374,9
9375,1
9376,9
9377,9
9378,5
9379,12
9380,16
9381,9
9382,9
9383,2
9384,9
9385,2
9386,9
9387,6
9388,9
9389,13
9390,9
9391,0
9392,9
9393,1
9394,9
9395,9
9396,1
9397,3
9398,6
9399,4
9400,9
9401,9
9402,9
9403,9
9404,17
9405,5
9406,15
9407,6
9408,9
9409,9
9410,10
9411,9
9412,9
9413,16
9414,9
9415,6
9416,7
9417,15
9418,9
9419,9
9420,9
9421,9
9422,16
9423,9
9424,9
9425,6
9426,9
9427,12
9428,6
9429,1
9430,9
9431,13
9432,9
9433,9
9434,15
9435,14
9436,9
9437,4
9438,9
9439,12
9440,16
9441,15
9442,9
9443,9
9444,12
9445,9
9446,9
9447,9
9448,7
9449,9
9450,8
9451,8
9452,9
9453,9
9454,9
9455,13
9456,16
9457,12
9458,11
9459,9
9460,15
9461,4
9462,9
9463,9
9464,16
9465,9
9466,9
9467,9
9468,4
9469,18
9470,9
9471,9
9472,3
9473,9
9474,9
9475,9
9476,9
9477,2
9478,9
9479,12
9480,9
9481,11
9482,9
9483,8
9484,10
9485,13
9486,12
9487,9
9488,9
9489,9
9490,7
9491,9
9492,5
9493,9
9494,9
9495,4
9496,9
9497,9
9498,9
9499,15
9500,2
9501,15
9502,9
9503,9
9504,9
9505,4
9506,9
9507,9
9508,17
9509,8
9510,9
9511,0
9512,9
9513,14
9514,4
9515,9
9516,9
9517,9
9518,16
9519,9
9520,7
9521,9
9522,8
9523,9
9524,10
9525,9
9526,9
9527,15
9528,9
9529,9
9530,9
9531,9
9532,9
9533,9
9534,6
9535,8
9536,0
9537,8
9538,9
9539,18
9540,9
9541,9
9542,9
9543,9
9544,9
9545,9
9546,5
9547,9
9548,9
9549,9
9550,9
9551,13
9552,9
9553,9
9554,9
9555,9
9556,16
9557,7
9558,9
9559,8
9560,9
9561,9
9562,6
9563,14
9564,9
9565,9
9566,1
9567,9
9568,5
9569,9
9570,9
9571,2
9572,9
9573,9
9574,9
9575,9
9576,9
9577,9
9578,9
9579,9
9580,5
9581,9
9582,9
9583,9
9584,9
9585,9
9586,9
9587,9
9588,13
9589,9
9590,18
9591,9
9592,17
9593,9
9594,9
9595,2
9596,9
9597,9
9598,9
9599,9
9600,9
9601,9
9602,9
9603,1
9604,9
9605,3
9606,0
9607,9
9608,9
9609,4
9610,6
9611,9
9612,16
9613,2
9614,9
9615,13
9616,9
9617,4
9618,9
9619,1
9620,9
9621,2
9622,9
9623,14
9624,9
9625,7
9626,9
9627,0
9628,9
9629,6
9630,9
9631,9
9632,9
9633,0
9634,9
9635,9
9636,9
9637,6
9638,9
9639,9
9640,0
9641,9
9642,9
9643,10
9644,9
9645,9
9646,9
9647,4
9648,2
9649,9
9650,5
9651,9
9652,9
9653,9
9654,3
9655,2
9656,2
9657,18
9658,9
9659,4
9660,1
9661,9
9662,16
9663,7
9664,9
9665,13
9666,10
9667,9
9668,9
9669,9
9670,9
9671,9
9672,9
9673,9
9674,8
9675,9
9676,9
9677,11
9678,9
9679,8
9680,14
9681,5
9682,1
9683,2
9684,9
9685,9
9686,6
9687,9
9688,9
9689,9
9690,9
9691,9
9692,9
9693,9
9694,15
9695,7
9696,5
9697,12
9698,8
9699,9
9700,10
9701,7
9702,9
9703,5
9704,1
9705,7
9706,9
9707,8
9708,2
9709,2
9710,9
9711,9
9712,9
9713,9
9714,4
9715,9
9716,6
9717,9
9718,9
9719,9
9720,6
9721,9
9722,9
9723,9
9724,9
9725,9
9726,9
9727,14
9728,16
9729,9
9730,7
9731,9
9732,18
9733,9
9734,9
9735,9
9736,4
9737,5
9738,9
9739,9
9740,9
9741,9
9742,15
9743,9
9744,9
9745,9
9746,9
9747,2
9748,9
9749,9
9750,4
9751,9
9752,2
9753,9
9754,3
9755,9
9756,9
9757,12
9758,9
9759,9
9760,9
9761,15
9762,17
9763,2
9764,9
9765,9
9766,9
9767,18
9768,2
9769,2
9770,9
9771,9
9772,9
9773,4
9774,9
9775,4
9776,9
9777,7
9778,16
9779,9
9780,9
9781,6
9782,9
9783,9
9784,1
9785,5
9786,9
9787,9
9788,9
9789,6
9790,9
9791,9
9792,2
9793,7
9794,9
9795,9
9796,9
9797,9
9798,8
9799,16
9800,11
9801,9
9802,9
9803,9
9804,9
9805,9
9806,9
9807,5
9808,9
9809,9
9810,0
9811,9
9812,11
9813,6
9814,7
9815,9
9816,9
9817,9
9818,9
9819,9
9820,9
9821,9
9822,5
9823,2
9824,16
9825,9
9826,16
9827,9
9828,9
9829,2
9830,6
9831,9
9832,10
9833,9
9834,15
9835,12
9836,9
9837,9
9838,9
9839,9
9840,4
9841,7
9842,9
9843,9
9844,9
9845,9
9846,9
9847,9
9848,7
9849,9
9850,12
9851,9
9852,9
9853,1
9854,13
9855,7
9856,15
9857,9
9858,1
9859,9
9860,14
9861,7
9862,13
9863,15
9864,9
9865,9
9866,9
9867,9
9868,18
9869,14
9870,12
9871,11
9872,8
9873,18
9874,6
9875,9
9876,0
9877,9
9878,2
9879,9
9880,9
9881,9
9882,7
9883,9
9884,7
9885,9
9886,9
9887,6
9888,10
9889,13
9890,1
9891,9
9892,9
9893,9
9894,7
9895,9
9896,9
9897,14
9898,9
9899,9
9900,3
9901,9
9902,9
9903,2
9904,9
9905,9
9906,9
9907,9
9908,9
9909,8
9910,9
9911,2
9912,5
9913,3
9914,2
9915,9
9916,9
9917,9
9918,9
9919,9
9920,13
9921,14
9922,9
9923,2
9924,4
9925,16
9926,9
9927,2
9928,5
9929,9
9930,18
9931,14
9932,2
9933,16
9934,9
9935,12
9936,9
9937,4
9938,9
9939,2
9940,9
9941,7
9942,9
9943,14
9944,9
9945,16
9946,13
9947,9
9948,9
9949,9
9950,9
9951,14
9952,9
9953,9
9954,15
9955,9
9956,1
9957,9
9958,9
9959,0
9960,0
9961,2
9962,3
9963,9
9964,0
9965,10
9966,9
9967,6
9968,9
9969,9
9970,9
9971,11
9972,12
9973,8
9974,1
9975,13
9976,12
9977,2
9978,13
9979,10
9980,6
9981,6
9982,0
9983,9
9984,9
9985,9
9986,9
9987,12
9988,9
9989,9
9990,9
9991,9
9992,1
9993,13
9994,4
9995,9
9996,5
9997,3
9998,1
9999,9
10000,18
10001,9
10002,9
10003,9
10004,0
10005,9
10006,3
10007,9
10008,1
10009,9
10010,14
10011,9
10012,4
10013,4
10014,9
10015,15
10016,9
10017,3
10018,10
10019,9
10020,9
10021,9
10022,4
10023,14
10024,17
10025,18
10026,0
10027,0
10028,3
10029,9
10030,2
10031,9
10032,9
10033,0
10034,9
10035,1
10036,9
10037,12
10038,1
10039,16
10040,9
10041,14
10042,14
10043,9
10044,9
10045,9
10046,9
10047,9
10048,9
10049,9
10050,9
10051,9
10052,9
10053,4
10054,18
10055,9
10056,9
10057,7
10058,14
10059,1
10060,9
10061,9
10062,9
10063,5
10064,5
10065,9
10066,9
10067,4
10068,9
10069,1
10070,9
10071,13
10072,9
10073,9
10074,12
10075,5
10076,15
10077,9
10078,8
10079,8
10080,9
10081,9
10082,9
10083,2
10084,9
10085,18
10086,1
10087,9
10088,15
10089,11
10090,17
10091,16
10092,9
10093,9
10094,3
10095,6
10096,9
10097,15
10098,5
10099,9
10100,18
10101,2
10102,11
10103,17
10104,9
10105,9
10106,9
10107,9
10108,9
10109,14
10110,11
10111,9
10112,9
10113,8
10114,9
10115,5
10116,7
10117,9
10118,9
10119,9
10120,9
10121,0
10122,11
10123,9
10124,14
10125,18
10126,9
10127,9
10128,2
10129,3
10130,9
10131,10
10132,13
10133,0
10134,9
10135,9
10136,9
10137,9
10138,9
10139,8
10140,9
10141,9
10142,9
10143,9
10144,0
10145,0
10146,9
10147,9
10148,9
10149,18
10150,4
10151,9
10152,15
10153,9
10154,9
10155,9
10156,9
10157,9
10158,16
10159,9
10160,12
10161,9
10162,7
10163,9
10164,9
10165,9
10166,9
10167,14
10168,12
10169,2
10170,9
10171,9
10172,9
10173,9
10174,14
10175,9
10176,9
10177,9
10178,9
10179,16
10180,14
10181,9
10182,5
10183,9
10184,9
10185,9
10186,9
10187,14
10188,9
10189,9
10190,6
10191,9
10192,9
10193,17
10194,11
10195,9
10196,4
10197,9
10198,18
10199,5
10200,9
10201,9
10202,9
10203,2
10204,9
10205,2
10206,9
10207,9
10208,9
10209,9
10210,5
10211,9
10212,9
10213,9
10214,9
10215,13
10216,9
10217,18
10218,9
10219,9
10220,9
10221,9
10222,8
10223,3
10224,9
10225,16
10226,9
10227,12
10228,9
10229,9
10230,10
10231,11
10232,16
10233,9
10234,6
10235,9
10236,2
10237,9
10238,9
10239,9
10240,6
10241,1
10242,9
10243,9
10244,8
10245,9
10246,9
10247,9
10248,11
10249,9
10250,9
10251,9
10252,9
10253,9
10254,3
10255,9
10256,16
10257,8
10258,15
10259,9
10260,9
10261,6
10262,9
10263,9
10264,9
10265,9
10266,2
10267,12
10268,9
10269,9
10270,13
10271,9
10272,9
10273,16
10274,11
10275,9
10276,9
10277,10
10278,1
10279,9
10280,9
10281,4
10282,9
10283,18
10284,9
10285,9
10286,9
10287,9
10288,9
10289,9
10290,9
10291,17
10292,9
10293,16
10294,16
10295,3
10296,9
10297,9
10298,9
10299,11
10300,9
10301,9
10302,16
10303,9
10304,9
10305,9
10306,7
10307,3
10308,5
10309,12
10310,9
10311,9
10312,16
10313,13
10314,6
10315,7
10316,9
10317,11
10318,3
10319,1
10320,13
10321,9
10322,8
10323,9
10324,9
10325,6
10326,5
10327,9
10328,11
10329,9
10330,9
10331,9
10332,16
10333,9
10334,12
10335,0
10336,9
10337,9
10338,16
10339,9
10340,9
10341,9
10342,9
10343,3
10344,9
10345,10
10346,9
10347,15
10348,9
10349,9
10350,14
10351,9
10352,9
10353,16
10354,9
10355,9
10356,17
10357,0
10358,4
10359,9
10360,10
10361,9
10362,9
10363,9
10364,7
10365,9
10366,9
10367,12
10368,9
10369,9
10370,16
10371,9
10372,0
10373,9
10374,10
10375,17
10376,6
10377,4
10378,9
10379,9
10380,9
10381,9
10382,9
10383,9
10384,9
10385,9
10386,9
10387,1
10388,9
10389,18
10390,9
10391,16
10392,9
10393,9
10394,4
10395,9
10396,9
10397,10
10398,9
10399,9
10400,9
10401,4
10402,5
10403,10
10404,9
10405,9
10406,9
10407,9
10408,16
10409,9
10410,9
10411,7
10412,9
10413,15
10414,16
10415,14
10416,9
10417,9
10418,7
10419,2
10420,9
10421,11
10422,9
10423,9
10424,9
10425,4
10426,15
10427,9
10428,9
10429,5
10430,15
10431,6
10432,9
10433,4
10434,9
10435,9
10436,9
10437,9
10438,9
10439,1
10440,9
10441,16
10442,9
10443,9
10444,11
10445,9
10446,12
10447,18
10448,16
10449,9
10450,9
10451,9
10452,9
10453,9
10454,0
10455,9
10456,10
10457,9
10458,9
10459,4
10460,9
10461,9
10462,9
10463,9
10464,5
10465,0
10466,9
10467,4
10468,16
10469,9
10470,9
10471,1
10472,9
10473,9
10474,9
10475,9
10476,13
10477,6
10478,9
10479,9
10480,4
10481,13
10482,16
10483,9
10484,9
10485,13
10486,9
10487,9
10488,9
10489,9
10490,2
10491,9
10492,9
10493,13
10494,16
10495,5
10496,8
10497,9
10498,9
10499,9
10500,16
10501,4
10502,7
10503,9
10504,9
10505,9
10506,0
10507,9
10508,16
10509,14
10510,6
10511,9
10512,15
10513,8
10514,8
10515,9
10516,1
10517,9
10518,1
10519,18
10520,9
10521,9
10522,1
10523,9
10524,16
10525,9
10526,9
10527,9
10528,9
10529,10
10530,9
10531,9
10532,9
10533,9
10534,9
10535,2
10536,9
10537,9
10538,9
10539,7
10540,9
10541,6
10542,9
10543,9
10544,4
10545,9
10546,8
10547,9
10548,9
10549,9
10550,9
10551,13
10552,0
10553,9
10554,16
10555,2
10556,9
10557,9
10558,12
10559,8
10560,9
10561,9
10562,16
10563,9
10564,9
10565,9
10566,9
10567,7
10568,1
10569,9
10570,2
10571,18
10572,0
10573,9
10574,4
10575,5
10576,2
10577,0
10578,9
10579,2
10580,9
10581,9
10582,9
10583,9
10584,9
10585,16
10586,9
10587,9
10588,9
10589,9
10590,9
10591,0
10592,9
10593,9
10594,5
10595,11
10596,9
10597,9
10598,12
10599,9
10600,9
10601,9
10602,9
10603,9
10604,9
10605,9
10606,0
10607,9
10608,9
10609,9
10610,3
10611,9
10612,9
10613,3
10614,0
10615,4
10616,5
10617,9
10618,9
10619,9
10620,11
10621,9
10622,6
10623,4
10624,2
10625,8
10626,14
10627,1
10628,9
10629,4
10630,9
10631,0
10632,9
10633,6
10634,9
10635,9
10636,5
10637,10
10638,9
10639,4
10640,9
10641,9
10642,9
10643,9
10644,13
10645,9
10646,5
10647,2
10648,5
10649,9
10650,9
10651,13
10652,16
10653,9
10654,9
10655,9
10656,9
10657,2
10658,16
10659,16
10660,10
10661,9
10662,11
10663,9
10664,9
10665,9
10666,6
10667,2
10668,9
10669,16
10670,9
10671,9
10672,11
10673,9
10674,7
10675,9
10676,4
10677,9
10678,9
10679,10
10680,14
10681,1
10682,9
10683,9
10684,2
10685,16
10686,9
10687,9
10688,12
10689,16
10690,9
10691,6
10692,9
10693,9
10694,9
10695,9
10696,14
10697,9
10698,9
10699,9
10700,9
10701,7
10702,13
10703,13
10704,1
10705,13
10706,13
10707,10
10708,9
10709,14
10710,9
10711,9
10712,9
10713,16
10714,9
10715,9
10716,9
10717,12
10718,9
10719,3
10720,6
10721,12
10722,18
10723,2
10724,9
10725,8
10726,1
10727,2
10728,9
10729,1
10730,9
10731,9
10732,9
10733,9
10734,9
10735,9
10736,16
10737,11
10738,10
10739,9
10740,10
10741,6
10742,9
10743,9
10744,1
10745,9
10746,9
10747,8
10748,17
10749,9
10750,9
10751,9
10752,9
10753,2
10754,1
10755,13
10756,9
10757,9
10758,9
10759,16
10760,9
10761,1
10762,7
10763,9
10764,9
10765,9
10766,5
10767,9
10768,9
10769,9
10770,1
10771,3
10772,10
10773,9
10774,13
10775,9
10776,9
10777,9
10778,9
10779,16
10780,18
10781,3
10782,10
10783,0
10784,9
10785,9
10786,13
10787,18
10788,9
10789,9
10790,9
10791,16
10792,9
10793,9
10794,9
10795,9
10796,9
10797,9
10798,9
10799,12
10800,9
10801,14
10802,9
10803,9
10804,3
10805,18
10806,9
10807,9
10808,14
10809,14
10810,9
10811,3
10812,9
10813,8
10814,9
10815,9
10816,9
10817,7
10818,9
10819,9
10820,7
10821,9
10822,9
10823,6
10824,15
10825,4
10826,3
10827,9
10828,9
10829,9
10830,9
10831,4
10832,9
10833,15
10834,9
10835,9
10836,9
10837,12
10838,9
10839,9
10840,13
10841,2
10842,9
10843,5
10844,9
10845,5
10846,9
10847,10
10848,9
10849,9
10850,8
10851,9
10852,16
10853,9
10854,9
10855,9
10856,9
10857,9
10858,10
10859,9
10860,9
10861,17
10862,1
10863,9
10864,2
10865,15
10866,10
10867,9
10868,9
10869,9
10870,9
10871,15
10872,9
10873,13
10874,9
10875,3
10876,9
10877,9
10878,6
10879,9
10880,9
10881,9
10882,9
10883,12
10884,9
10885,9
10886,9
10887,9
10888,9
10889,9
10890,13
10891,4
10892,9
10893,8
10894,18
10895,18
10896,9
10897,2
10898,9
10899,2
10900,9
10901,9
10902,4
10903,2
10904,13
10905,9
10906,9
10907,9
10908,13
10909,9
10910,9
10911,9
10912,9
10913,9
10914,9
10915,9
10916,9
10917,15
10918,9
10919,15
10920,9
10921,9
10922,9
10923,12
10924,9
10925,1
10926,9
10927,9
10928,12
10929,10
10930,13
10931,17
10932,9
10933,11
10934,9
10935,9
10936,8
10937,9
10938,9
10939,9
10940,14
10941,16
10942,9
10943,7
10944,9
10945,9
10946,13
10947,17
10948,7
10949,9
10950,9
10951,6
10952,9
10953,13
10954,9
10955,1
10956,9
10957,4
10958,9
10959,11
10960,3
10961,5
10962,4
10963,6
10964,14
10965,0
10966,16
10967,9
10968,9
10969,1
10970,9
10971,0
10972,9
10973,2
10974,0
10975,13
10976,9
10977,12
10978,1
10979,4
10980,15
10981,9
10982,6
10983,2
10984,7
10985,9
10986,6
10987,6
10988,9
10989,9
10990,9
10991,11
10992,9
10993,4
10994,9
10995,10
10996,0
10997,9
10998,9
10999,13
11000,12
11001,9
11002,18
11003,9
11004,9
11005,1
11006,9
11007,9
11008,6
11009,9
11010,9
11011,9
11012,15
11013,17
11014,9
11015,12
11016,9
11017,9
11018,1
11019,9
11020,9
11021,13
11022,9
11023,14
11024,9
11025,5
11026,9
11027,7
11028,5
11029,9
11030,4
11031,9
11032,9
11033,9
11034,9
11035,9
11036,9
11037,14
11038,2
11039,13
11040,9
11041,7
11042,6
11043,9
11044,9
11045,6
11046,9
11047,7
11048,9
11049,9
11050,17
11051,13
11052,9
11053,9
11054,6
11055,6
11056,9
11057,9
11058,1
11059,9
11060,2
11061,9
11062,15
11063,9
11064,5
11065,9
11066,10
11067,9
11068,12
11069,9
11070,9
11071,11
11072,9
11073,9
11074,9
11075,9
11076,9
11077,9
11078,1
11079,9
11080,9
11081,16
11082,9
11083,9
11084,9
11085,9
11086,16
11087,12
11088,14
11089,5
11090,9
11091,9
11092,9
11093,9
11094,9
11095,9
11096,9
11097,9
11098,5
11099,9
11100,4
11101,9
11102,6
11103,9
11104,5
11105,9
11106,9
11107,18
11108,9
11109,9
11110,9
11111,1
11112,1
11113,9
11114,9
11115,11
11116,9
11117,9
11118,9
11119,9
11120,15
11121,2
11122,5
11123,9
11124,1
11125,9
11126,4
11127,9
11128,5
11129,15
11130,9
11131,9
11132,9
11133,4
11134,9
11135,10
11136,5
11137,9
11138,9
11139,0
11140,8
11141,9
11142,9
11143,9
11144,8
11145,9
11146,9
11147,8
11148,9
11149,7
11150,17
11151,1
11152,13
11153,9
11154,9
11155,6
11156,7
11157,2
11158,7
11159,9
11160,16
11161,9
11162,2
11163,9
11164,0
11165,9
11166,18
11167,9
11168,5
11169,8
11170,15
11171,9
11172,9
11173,9
11174,13
11175,14
11176,9
11177,9
11178,9
11179,14
11180,9
11181,13
11182,9
11183,8
11184,9
11185,11
11186,9
11187,9
11188,9
11189,1
11190,17
11191,9
11192,9
11193,9
11194,9
11195,9
11196,9
11197,14
11198,9
11199,16
11200,9
11201,0
11202,9
11203,9
11204,1
11205,9
11206,9
11207,9
11208,9
11209,17
11210,9
11211,5
11212,2
11213,9
11214,9
11215,9
11216,9
11217,6
11218,13
11219,12
11220,5
11221,6
11222,9
11223,1
11224,9
11225,9
11226,9
11227,6
11228,6
11229,18
11230,15
11231,6
11232,16
11233,9
11234,9
11235,9
11236,9
11237,9
11238,9
11239,15
11240,9
11241,9
11242,7
11243,9
11244,2
11245,5
11246,2
11247,1
11248,9
11249,9
11250,7
11251,9
11252,9
11253,11
11254,9
11255,15
11256,15
11257,18
11258,6
11259,9
11260,9
11261,9
11262,9
11263,9
11264,9
11265,13
11266,3
11267,15
11268,9
11269,9
11270,9
11271,18
11272,9
11273,1
11274,9
11275,9
11276,3
11277,12
11278,9
11279,16
11280,14
11281,18
11282,9
11283,6
11284,12
11285,9
11286,2
11287,9
11288,9
11289,8
11290,9
11291,0
11292,12
11293,9
11294,5
11295,9
11296,9
11297,9
11298,6
11299,3
11300,16
11301,9
11302,9
11303,9
11304,12
11305,9
11306,9
11307,9
11308,9
11309,9
11310,9
11311,16
11312,9
11313,6
11314,3
11315,8
11316,11
11317,9
11318,9
11319,9
11320,9
11321,14
11322,1
11323,14
11324,9
11325,9
11326,4
11327,9
11328,2
11329,17
11330,9
11331,13
11332,9
11333,9
11334,9
11335,9
11336,4
11337,15
11338,9
11339,9
11340,1
11341,9
11342,0
11343,9
11344,9
11345,9
11346,14
11347,18
11348,9
11349,9
11350,9
11351,8
11352,0
11353,9
11354,3
11355,9
11356,9
11357,9
11358,9
11359,9
11360,2
11361,12
11362,13
11363,9
11364,14
11365,9
11366,9
11367,9
11368,9
11369,9
11370,9
11371,9
11372,15
11373,9
11374,11
11375,9
11376,9
11377,9
11378,7
11379,2
11380,1
11381,9
11382,4
11383,9
11384,9
11385,9
11386,9
11387,9
11388,9
11389,18
11390,14
11391,9
11392,9
11393,9
11394,9
11395,9
11396,9
11397,9
11398,9
11399,9
11400,4
11401,15
11402,9
11403,9
11404,9
11405,9
11406,9
11407,9
11408,9
11409,9
11410,9
11411,13
11412,2
11413,9
11414,9
11415,18
11416,9
11417,9
11418,9
11419,9
11420,3
11421,9
11422,9
11423,9
11424,9
11425,6
11426,2
11427,5
11428,9
11429,2
11430,9
11431,9
11432,9
11433,9
11434,9
11435,17
11436,9
11437,9
11438,9
11439,9
11440,9
11441,9
11442,3
11443,9
11444,9
11445,9
11446,8
11447,16
11448,3
11449,9
11450,9
11451,9
11452,17
11453,15
11454,9
11455,9
11456,16
11457,0
11458,9
11459,10
11460,6
11461,2
11462,9
11463,9
11464,2
11465,8
11466,9
11467,11
11468,9
11469,9
11470,9
11471,1
11472,9
11473,9
11474,3
11475,9
11476,9
11477,9
11478,9
11479,9
11480,3
11481,9
11482,9
11483,9
11484,9
11485,17
11486,14
11487,9
11488,9
11489,9
11490,5
11491,12
11492,9
11493,15
11494,9
11495,9
11496,5
11497,9
11498,9
11499,9
11500,18
11501,0
11502,9
11503,9
11504,9
11505,6
11506,1
11507,11
11508,17
11509,9
11510,9
11511,3
11512,3
11513,15
11514,9
11515,9
11516,9
11517,7
11518,16
11519,16
11520,9
11521,9
11522,9
11523,9
11524,15
11525,9
11526,9
11527,3
11528,9
11529,9
11530,2
11531,9
11532,5
11533,9
11534,9
11535,9
11536,9
11537,11
11538,9
11539,9
11540,9
11541,9
11542,2
11543,7
11544,5
11545,9
11546,1
11547,8
11548,9
11549,3
11550,9
11551,14
11552,9
11553,9
11554,9
11555,7
11556,9
11557,9
11558,15
11559,9
11560,9
11561,9
11562,9
11563,9
11564,8
11565,9
11566,1
11567,9
11568,7
11569,2
11570,3
11571,9
11572,7
11573,9
11574,9
11575,9
11576,9
11577,9
11578,9
11579,9
11580,10
11581,9
11582,10
11583,9
11584,2
11585,9
11586,9
11587,1
11588,9
11589,14
11590,9
11591,9
11592,4
11593,9
11594,9
11595,7
11596,9
11597,9
11598,9
11599,9
11600,9
11601,18
11602,10
11603,9
11604,15
11605,9
11606,9
11607,9
11608,9
11609,9
11610,15
11611,9
11612,9
11613,8
11614,9
11615,4
11616,9
11617,9
11618,3
11619,5
11620,9
11621,15
11622,9
11623,9
11624,6
11625,9
11626,9
11627,11
11628,9
11629,1
11630,14
11631,9
11632,9
11633,10
11634,4
11635,9
11636,15
11637,3
11638,8
11639,2
11640,9
11641,9
11642,9
11643,9
11644,12
11645,9
11646,6
11647,9
11648,16
11649,9
11650,9
11651,9
11652,5
11653,9
11654,9
11655,9
11656,12
11657,9
11658,9
11659,8
11660,9
11661,10
11662,9
11663,9
11664,2
11665,11
11666,6
11667,13
11668,15
11669,9
11670,9
11671,9
11672,4
11673,9
11674,13
11675,9
11676,9
11677,9
11678,3
11679,16
11680,0
11681,9
11682,9
11683,15
11684,9
11685,9
11686,9
11687,9
11688,9
11689,9
11690,9
11691,5
11692,7
11693,7
11694,9
11695,9
11696,9
11697,9
11698,9
11699,14
11700,9
11701,10
11702,17
11703,9
11704,9
11705,9
11706,1
11707,9
11708,9
11709,9
11710,9
11711,9
11712,9
11713,9
11714,9
11715,7
11716,9
11717,5
11718,9
11719,9
11720,9
11721,6
11722,6
11723,9
11724,9
11725,9
11726,9
11727,9
11728,3
11729,9
11730,9
11731,9
11732,9
11733,8
11734,9
11735,15
11736,9
11737,9
11738,9
11739,9
11740,9
11741,4
11742,9
11743,9
11744,9
11745,9
11746,13
11747,9
11748,13
11749,9
11750,9
11751,9
11752,7
11753,9
11754,9
11755,9
11756,9
11757,9
11758,6
11759,9
11760,9
11761,9
11762,0
11763,9
11764,9
11765,9
11766,5
11767,9
11768,13
11769,9
11770,9
11771,2
11772,9
11773,9
11774,6
11775,9
11776,9
11777,7
11778,17
11779,15
11780,4
11781,1
11782,16
11783,4
11784,9
11785,9
11786,18
11787,9
11788,9
11789,11
11790,9
11791,9
11792,6
11793,9
11794,9
11795,1
11796,15
11797,1
11798,9
11799,9
11800,3
11801,9
11802,9
11803,9
11804,6
11805,9
11806,9
11807,9
11808,4
11809,9
11810,9
11811,9
11812,16
11813,9
11814,9
11815,9
11816,9
11817,13
11818,14
11819,9
11820,9
11821,9
11822,5
11823,8
11824,1
11825,16
11826,9
11827,9
11828,6
11829,16
11830,9
11831,9
11832,8
11833,9
11834,3
11835,2
11836,9
11837,12
11838,9
11839,15
11840,16
11841,16
11842,9
11843,9
11844,9
11845,4
11846,9
11847,5
11848,9
11849,9
11850,9
11851,16
11852,9
11853,9
11854,5
11855,9
11856,15
11857,9
11858,15
11859,1
11860,9
11861,9
11862,9
11863,8
11864,9
11865,9
11866,9
11867,9
11868,9
11869,9
11870,4
11871,3
11872,6
11873,9
11874,9
11875,9
11876,15
11877,16
11878,9
11879,9
11880,9
11881,9
11882,10
11883,1
11884,9
11885,13
11886,7
11887,9
11888,9
11889,1
11890,10
11891,1
11892,9
11893,9
11894,9
11895,9
11896,12
11897,13
11898,9
11899,9
11900,9
11901,9
11902,16
11903,9
11904,9
11905,9
11906,9
11907,8
11908,9
11909,9
11910,13
11911,9
11912,10
11913,9
11914,8
11915,9
11916,9
11917,0
11918,9
11919,9
11920,15
11921,3
11922,14
11923,8
11924,9
11925,0
11926,9
11927,9
11928,4
11929,9
11930,9
11931,9
11932,9
11933,2
11934,9
11935,9
11936,9
11937,1
11938,3
11939,16
11940,9
11941,9
11942,1
11943,9
11944,9
11945,9
11946,9
11947,9
11948,16
11949,15
11950,9
11951,0
11952,10
11953,9
11954,9
11955,5
11956,11
11957,9
11958,9
11959,9
11960,9
11961,2
11962,9
11963,7
11964,8
11965,6
11966,9
11967,2
11968,9
11969,6
11970,9
11971,12
11972,9
11973,0
11974,17
11975,9
11976,4
11977,9
11978,9
11979,9
11980,5
11981,9
11982,18
11983,0
11984,9
11985,17
11986,7
11987,9
11988,9
11989,3
11990,10
11991,15
11992,14
11993,9
11994,3
11995,9
11996,9
11997,10
11998,9
11999,5
12000,13
12001,9
12002,9
12003,2
12004,3
12005,11
12006,9
12007,9
12008,6
12009,7
12010,11
12011,5
12012,9
12013,9
12014,1
12015,18
12016,15
12017,9
12018,6
12019,15
12020,9
12021,9
12022,9
12023,1
12024,8
12025,9
12026,15
12027,7
12028,0
12029,2
12030,9
12031,9
12032,9
12033,12
12034,9
12035,9
12036,15
12037,0
12038,15
12039,9
12040,9
12041,17
12042,9
12043,10
12044,9
12045,16
12046,12
12047,16
12048,9
12049,9
12050,9
12051,9
12052,14
12053,7
12054,9
12055,5
12056,10
12057,6
12058,15
12059,9
12060,9
12061,16
12062,2
12063,9
12064,18
12065,17
12066,9
12067,9
12068,9
12069,9
12070,7
12071,10
12072,9
12073,11
12074,12
12075,6
12076,9
12077,9
12078,9
12079,10
12080,1
12081,9
12082,9
12083,9
12084,9
12085,10
12086,6
12087,9
12088,4
12089,8
12090,12
12091,9
12092,12
12093,9
12094,12
12095,15
12096,9
12097,9
12098,3
12099,9
12100,9
12101,11
12102,9
12103,9
12104,9
12105,9
12106,8
12107,15
12108,4
12109,9
12110,9
12111,15
12112,4
12113,9
12114,1
12115,3
12116,9
12117,9
12118,9
12119,15
12120,11
12121,2
12122,13
12123,1
12124,9
12125,9
12126,12
12127,9
12128,9
12129,12
12130,0
12131,9
12132,9
12133,9
12134,16
12135,1
12136,16
12137,9
12138,9
12139,8
12140,9
12141,15
12142,6
12143,6
12144,9
12145,12
12146,9
12147,9
12148,5
12149,12
12150,2
12151,9
12152,9
12153,9
12154,9
12155,9
12156,9
12157,9
12158,9
12159,3
12160,15
12161,9
12162,9
12163,14
12164,9
12165,9
12166,6
12167,0
12168,9
12169,9
12170,9
12171,9
12172,9
12173,3
12174,5
12175,3
12176,9
12177,9
12178,12
12179,9
12180,2
12181,15
12182,0
12183,9
12184,2
12185,9
12186,5
12187,3
12188,9
12189,17
12190,9
12191,10
12192,6
12193,9
12194,18
12195,6
12196,9
12197,9
12198,9
12199,9
12200,9
12201,12
12202,7
12203,9
12204,16
12205,5
12206,9
12207,9
12208,1
12209,7
12210,9
12211,9
12212,9
12213,9
12214,9
12215,6
12216,17
12217,9
12218,9
12219,9
12220,11
12221,9
12222,15
12223,9
12224,13
12225,9
12226,4
12227,2
12228,9
12229,9
12230,13
12231,9
12232,16
12233,9
